# https://github.com/mikedh/trimesh
v -0.00000001 0.08600000 0.04000000
v 0.04499999 0.08600001 0.04000000
v -0.00000001 0.08600000 0.00000000
v -0.00000001 0.08600000 0.00000000
v 0.04499999 0.08600001 0.04000000
v 0.04499999 0.08600001 0.00000000
v 0.00000000 0.01136808 0.00424123
v 0.00000000 0.01200000 0.00453590
v -0.00000001 0.07200000 0.00800000
v -0.00000001 0.07200000 0.00800000
v 0.00000000 0.01200000 0.00453590
v 0.00000000 0.01257115 0.00493582
v -0.00000001 0.07400000 0.01146410
v 0.00000000 0.01375877 0.00663192
v -0.00000001 0.07463192 0.01175877
v -0.00000001 0.07463192 0.01175877
v 0.00000000 0.01375877 0.00663192
v -0.00000001 0.07530541 0.01193923
v 0.00000000 0.00742885 0.02893582
v 0.00000000 0.00000000 0.00000000
v 0.00000000 0.00693582 0.02942885
v 0.00000000 0.00693582 0.02942885
v 0.00000000 0.00000000 0.00000000
v 0.00000000 0.00653590 0.03000000
v 0.00000000 0.00606077 0.03269459
v 0.00000000 0.00600000 0.03200000
v 0.00000000 0.00000000 0.04000000
v 0.00000000 0.00000000 0.04000000
v 0.00000000 0.00600000 0.03200000
v 0.00000000 0.00606077 0.03130541
v 0.00000000 0.00000000 0.04000000
v 0.00000000 0.00606077 0.03130541
v 0.00000000 0.00000000 0.00000000
v 0.00000000 0.00000000 0.00000000
v 0.00000000 0.00606077 0.03130541
v 0.00000000 0.00624123 0.03063192
v 0.00000000 0.00000000 0.00000000
v 0.00000000 0.00624123 0.03063192
v 0.00000000 0.00653590 0.03000000
v -0.00000001 0.07400000 0.01146410
v -0.00000001 0.07342885 0.01106418
v 0.00000000 0.01375877 0.00663192
v 0.00000000 0.01375877 0.00663192
v -0.00000001 0.07342885 0.01106418
v -0.00000001 0.07293582 0.01057115
v 0.00000000 0.01375877 0.00663192
v -0.00000001 0.07293582 0.01057115
v -0.00000001 0.07253590 0.01000000
v -0.00000001 0.07253590 0.01000000
v -0.00000001 0.07224123 0.00936808
v 0.00000000 0.01375877 0.00663192
v 0.00000000 0.01375877 0.00663192
v -0.00000001 0.07224123 0.00936808
v -0.00000001 0.07206077 0.00869459
v 0.00000000 0.01375877 0.00663192
v -0.00000001 0.07206077 0.00869459
v 0.00000000 0.01346411 0.00600000
v 0.00000000 0.01346411 0.00600000
v -0.00000001 0.07206077 0.00869459
v -0.00000001 0.07200000 0.00800000
v 0.00000000 0.01346411 0.00600000
v -0.00000001 0.07200000 0.00800000
v 0.00000000 0.01306418 0.00542885
v 0.00000000 0.01306418 0.00542885
v -0.00000001 0.07200000 0.00800000
v 0.00000000 0.01257115 0.00493582
v 0.00000000 0.00742885 0.03506418
v 0.00000000 0.00693582 0.03457115
v 0.00000000 0.00000000 0.04000000
v -0.00000001 0.07200000 0.03200000
v 0.00000000 0.01200000 0.02853590
v 0.00000000 0.01257115 0.02893582
v 0.00000000 0.00693582 0.03457115
v 0.00000000 0.00653590 0.03400000
v 0.00000000 0.00000000 0.04000000
v 0.00000000 0.00000000 0.04000000
v 0.00000000 0.00653590 0.03400000
v 0.00000000 0.00624123 0.03336808
v 0.00000000 0.00000000 0.04000000
v 0.00000000 0.00624123 0.03336808
v 0.00000000 0.00606077 0.03269459
v 0.00000000 0.01000000 0.02800000
v 0.00000000 0.01069459 0.02806077
v -0.00000001 0.07200000 0.03200000
v -0.00000001 0.07200000 0.03200000
v 0.00000000 0.01069459 0.02806077
v 0.00000000 0.01136808 0.02824123
v -0.00000001 0.07200000 0.03200000
v 0.00000000 0.01136808 0.02824123
v 0.00000000 0.01200000 0.02853590
v -0.00000001 0.07200000 0.03200000
v 0.00000000 0.01375877 0.00936808
v 0.00000000 0.01346411 0.01000000
v 0.00000000 0.00742885 0.02893582
v 0.00000000 0.00624123 0.00936808
v 0.00000000 0.00000000 0.00000000
v 0.00000000 0.00000000 0.00000000
v 0.00000000 0.00624123 0.00936808
v 0.00000000 0.00606077 0.00869459
v 0.00000000 0.00000000 0.00000000
v 0.00000000 0.00606077 0.00869459
v 0.00000000 0.00600000 0.00800000
v -0.00000001 0.07400000 0.03546410
v -0.00000001 0.07342885 0.03506418
v 0.00000000 0.01375877 0.03063192
v 0.00000000 0.01375877 0.03063192
v -0.00000001 0.07342885 0.03506418
v -0.00000001 0.07293582 0.03457115
v 0.00000000 0.01375877 0.03063192
v -0.00000001 0.07293582 0.03457115
v -0.00000001 0.07253590 0.03400000
v 0.00000000 0.01257115 0.02893582
v 0.00000000 0.01306418 0.02942885
v -0.00000001 0.07200000 0.03200000
v -0.00000001 0.07200000 0.03200000
v 0.00000000 0.01306418 0.02942885
v 0.00000000 0.01346411 0.03000000
v -0.00000001 0.07200000 0.03200000
v 0.00000000 0.01346411 0.03000000
v -0.00000001 0.07206077 0.03269459
v -0.00000001 0.07206077 0.03269459
v 0.00000000 0.01346411 0.03000000
v 0.00000000 0.01375877 0.03063192
v -0.00000001 0.07206077 0.03269459
v 0.00000000 0.01375877 0.03063192
v -0.00000001 0.07224123 0.03336808
v -0.00000001 0.07224123 0.03336808
v 0.00000000 0.01375877 0.03063192
v -0.00000001 0.07253590 0.03400000
v -0.00000001 0.08600000 0.00000000
v -0.00000001 0.07669460 0.00406077
v -0.00000001 0.07736808 0.00424123
v 0.00000000 0.00000000 0.00000000
v -0.00000001 0.07224123 0.00663192
v -0.00000001 0.07253590 0.00600000
v -0.00000001 0.07736808 0.02824123
v -0.00000001 0.07800000 0.02853590
v -0.00000001 0.07669460 0.01193923
v 0.00000000 0.01000000 0.03600000
v 0.00000000 0.00930541 0.03593923
v 0.00000000 0.00000000 0.04000000
v 0.00000000 0.00800000 0.02853590
v 0.00000000 0.00693582 0.01057115
v 0.00000000 0.00742885 0.02893582
v 0.00000000 0.00742885 0.02893582
v 0.00000000 0.00693582 0.01057115
v 0.00000000 0.00653590 0.01000000
v 0.00000000 0.00742885 0.02893582
v 0.00000000 0.00653590 0.01000000
v 0.00000000 0.00624123 0.00936808
v 0.00000000 0.00600000 0.00800000
v 0.00000000 0.00606077 0.00730541
v 0.00000000 0.00000000 0.00000000
v 0.00000000 0.00000000 0.00000000
v 0.00000000 0.00606077 0.00730541
v 0.00000000 0.00624123 0.00663192
v 0.00000000 0.00000000 0.00000000
v 0.00000000 0.00624123 0.00663192
v 0.00000000 0.00653590 0.00600000
v -0.00000001 0.07253590 0.00600000
v -0.00000001 0.07293582 0.00542885
v 0.00000000 0.00000000 0.00000000
v 0.00000000 0.00000000 0.00000000
v -0.00000001 0.07293582 0.00542885
v -0.00000001 0.07342885 0.00493582
v 0.00000000 0.00000000 0.00000000
v -0.00000001 0.07342885 0.00493582
v -0.00000001 0.07400000 0.00453590
v 0.00000000 0.00930541 0.03593923
v 0.00000000 0.00863192 0.03575877
v 0.00000000 0.00000000 0.04000000
v 0.00000000 0.00000000 0.04000000
v 0.00000000 0.00863192 0.03575877
v 0.00000000 0.00800000 0.03546410
v 0.00000000 0.00000000 0.04000000
v 0.00000000 0.00800000 0.03546410
v 0.00000000 0.00742885 0.03506418
v 0.00000000 0.00930541 0.02806077
v 0.00000000 0.00863192 0.01175877
v 0.00000000 0.00800000 0.01146410
v -0.00000001 0.07400000 0.00453590
v -0.00000001 0.07463192 0.00424123
v 0.00000000 0.00000000 0.00000000
v 0.00000000 0.00000000 0.00000000
v -0.00000001 0.07463192 0.00424123
v -0.00000001 0.07530541 0.00406077
v 0.00000000 0.00000000 0.00000000
v -0.00000001 0.07530541 0.00406077
v -0.00000001 0.08600000 0.00000000
v -0.00000001 0.08600000 0.00000000
v -0.00000001 0.07530541 0.00406077
v -0.00000001 0.07600000 0.00400000
v -0.00000001 0.08600000 0.00000000
v -0.00000001 0.07600000 0.00400000
v -0.00000001 0.07669460 0.00406077
v -0.00000001 0.08600000 0.04000000
v 0.00000000 0.01346411 0.03400000
v 0.00000000 0.01306418 0.03457115
v 0.00000000 0.01000000 0.03600000
v 0.00000000 0.00000000 0.04000000
v 0.00000000 0.01069459 0.03593923
v 0.00000000 0.01069459 0.03593923
v 0.00000000 0.00000000 0.04000000
v -0.00000001 0.08600000 0.04000000
v 0.00000000 0.01069459 0.03593923
v -0.00000001 0.08600000 0.04000000
v 0.00000000 0.01136808 0.03575877
v 0.00000000 0.01346411 0.01000000
v 0.00000000 0.01306418 0.01057115
v -0.00000001 0.07200000 0.03200000
v -0.00000001 0.07200000 0.03200000
v 0.00000000 0.01306418 0.01057115
v 0.00000000 0.01257115 0.01106418
v -0.00000001 0.07200000 0.03200000
v 0.00000000 0.01257115 0.01106418
v 0.00000000 0.01000000 0.02800000
v 0.00000000 0.01000000 0.02800000
v 0.00000000 0.01257115 0.01106418
v 0.00000000 0.01200000 0.01146410
v 0.00000000 0.01000000 0.02800000
v 0.00000000 0.01200000 0.01146410
v 0.00000000 0.01136808 0.01175877
v 0.00000000 0.00800000 0.02853590
v 0.00000000 0.00863192 0.02824123
v 0.00000000 0.00693582 0.01057115
v 0.00000000 0.00693582 0.01057115
v 0.00000000 0.00863192 0.02824123
v 0.00000000 0.00930541 0.02806077
v 0.00000000 0.00693582 0.01057115
v 0.00000000 0.00930541 0.02806077
v 0.00000000 0.00742885 0.01106418
v 0.00000000 0.00742885 0.01106418
v 0.00000000 0.00930541 0.02806077
v 0.00000000 0.00800000 0.01146410
v 0.00000000 0.00653590 0.00600000
v 0.00000000 0.00693582 0.00542885
v 0.00000000 0.00000000 0.00000000
v 0.00000000 0.00000000 0.00000000
v 0.00000000 0.00693582 0.00542885
v 0.00000000 0.00742885 0.00493582
v 0.00000000 0.00000000 0.00000000
v 0.00000000 0.00742885 0.00493582
v 0.00000000 0.00800000 0.00453590
v -0.00000001 0.07736808 0.00424123
v -0.00000001 0.07800000 0.00453590
v -0.00000001 0.08600000 0.00000000
v -0.00000001 0.08600000 0.00000000
v -0.00000001 0.07800000 0.00453590
v -0.00000001 0.07857115 0.00493582
v -0.00000001 0.08600000 0.00000000
v -0.00000001 0.07857115 0.00493582
v -0.00000001 0.07906418 0.00542885
v 0.00000000 0.01306418 0.03457115
v 0.00000000 0.01257115 0.03506418
v -0.00000001 0.08600000 0.04000000
v -0.00000001 0.08600000 0.04000000
v 0.00000000 0.01257115 0.03506418
v 0.00000000 0.01200000 0.03546410
v -0.00000001 0.08600000 0.04000000
v 0.00000000 0.01200000 0.03546410
v 0.00000000 0.01136808 0.03575877
v -0.00000001 0.07800000 0.02853590
v -0.00000001 0.07857115 0.02893582
v -0.00000001 0.07669460 0.01193923
v -0.00000001 0.07669460 0.01193923
v -0.00000001 0.07857115 0.02893582
v -0.00000001 0.07906418 0.02942885
v -0.00000001 0.07669460 0.01193923
v -0.00000001 0.07906418 0.02942885
v -0.00000001 0.07946410 0.03000000
v -0.00000001 0.07253590 0.03000000
v 0.00000000 0.01375877 0.00663192
v 0.00000000 0.01393923 0.00730541
v -0.00000001 0.07253590 0.03000000
v -0.00000001 0.07293582 0.02942885
v 0.00000000 0.01375877 0.00663192
v 0.00000000 0.01375877 0.00663192
v -0.00000001 0.07293582 0.02942885
v -0.00000001 0.07342885 0.02893582
v 0.00000000 0.01375877 0.00663192
v -0.00000001 0.07342885 0.02893582
v -0.00000001 0.07530541 0.01193923
v -0.00000001 0.07530541 0.01193923
v -0.00000001 0.07342885 0.02893582
v -0.00000001 0.07400000 0.02853590
v 0.00000000 0.01136808 0.01175877
v 0.00000000 0.01069459 0.01193923
v 0.00000000 0.01000000 0.02800000
v 0.00000000 0.01000000 0.02800000
v 0.00000000 0.01069459 0.01193923
v 0.00000000 0.01000000 0.01200000
v 0.00000000 0.01000000 0.02800000
v 0.00000000 0.01000000 0.01200000
v 0.00000000 0.00930541 0.02806077
v 0.00000000 0.00930541 0.02806077
v 0.00000000 0.01000000 0.01200000
v 0.00000000 0.00930541 0.01193923
v 0.00000000 0.00930541 0.02806077
v 0.00000000 0.00930541 0.01193923
v 0.00000000 0.00863192 0.01175877
v 0.00000000 0.00800000 0.00453590
v 0.00000000 0.00863192 0.00424123
v 0.00000000 0.00000000 0.00000000
v 0.00000000 0.00000000 0.00000000
v 0.00000000 0.00863192 0.00424123
v 0.00000000 0.00930541 0.00406077
v 0.00000000 0.00000000 0.00000000
v 0.00000000 0.00930541 0.00406077
v 0.00000000 0.01000000 0.00400000
v -0.00000001 0.07906418 0.00542885
v -0.00000001 0.07946410 0.00600000
v -0.00000001 0.08600000 0.00000000
v -0.00000001 0.08600000 0.00000000
v -0.00000001 0.07946410 0.00600000
v -0.00000001 0.07975877 0.00663192
v -0.00000001 0.08600000 0.00000000
v -0.00000001 0.07975877 0.00663192
v -0.00000001 0.07993923 0.00730541
v -0.00000001 0.07993923 0.03269459
v -0.00000001 0.07975877 0.03336808
v -0.00000001 0.08600000 0.04000000
v -0.00000001 0.08600000 0.04000000
v -0.00000001 0.07975877 0.03336808
v -0.00000001 0.07946410 0.03400000
v -0.00000001 0.08600000 0.04000000
v -0.00000001 0.07946410 0.03400000
v -0.00000001 0.07906418 0.03457115
v 0.00000000 0.01393923 0.03130541
v -0.00000001 0.07530541 0.03593923
v 0.00000000 0.01375877 0.03063192
v 0.00000000 0.01375877 0.03063192
v -0.00000001 0.07530541 0.03593923
v -0.00000001 0.07463192 0.03575877
v 0.00000000 0.01375877 0.03063192
v -0.00000001 0.07463192 0.03575877
v -0.00000001 0.07400000 0.03546410
v -0.00000001 0.07736808 0.03575877
v -0.00000001 0.07669460 0.03593923
v -0.00000001 0.08600000 0.04000000
v -0.00000001 0.08600000 0.04000000
v -0.00000001 0.07669460 0.03593923
v -0.00000001 0.07600000 0.03600000
v -0.00000001 0.08600000 0.04000000
v -0.00000001 0.07600000 0.03600000
v -0.00000001 0.07530541 0.03593923
v -0.00000001 0.07224123 0.00663192
v 0.00000000 0.00000000 0.00000000
v -0.00000001 0.07206077 0.00730541
v -0.00000001 0.07206077 0.00730541
v 0.00000000 0.00000000 0.00000000
v 0.00000000 0.01000000 0.00400000
v -0.00000001 0.07206077 0.00730541
v 0.00000000 0.01000000 0.00400000
v -0.00000001 0.07200000 0.00800000
v -0.00000001 0.07200000 0.00800000
v 0.00000000 0.01000000 0.00400000
v 0.00000000 0.01069459 0.00406077
v -0.00000001 0.07200000 0.00800000
v 0.00000000 0.01069459 0.00406077
v 0.00000000 0.01136808 0.00424123
v -0.00000001 0.07946410 0.01000000
v -0.00000001 0.07906418 0.01057115
v -0.00000001 0.08600000 0.04000000
v -0.00000001 0.08600000 0.04000000
v -0.00000001 0.07906418 0.01057115
v -0.00000001 0.07857115 0.01106418
v -0.00000001 0.07906418 0.03457115
v -0.00000001 0.07857115 0.03506418
v -0.00000001 0.08600000 0.04000000
v -0.00000001 0.08600000 0.04000000
v -0.00000001 0.07857115 0.03506418
v -0.00000001 0.07800000 0.03546410
v -0.00000001 0.08600000 0.04000000
v -0.00000001 0.07800000 0.03546410
v -0.00000001 0.07736808 0.03575877
v 0.00000000 0.01393923 0.03130541
v 0.00000000 0.01400000 0.03200000
v -0.00000001 0.07530541 0.03593923
v -0.00000001 0.07530541 0.03593923
v 0.00000000 0.01400000 0.03200000
v 0.00000000 0.01393923 0.03269459
v -0.00000001 0.07530541 0.03593923
v 0.00000000 0.01393923 0.03269459
v -0.00000001 0.08600000 0.04000000
v -0.00000001 0.08600000 0.04000000
v 0.00000000 0.01393923 0.03269459
v 0.00000000 0.01375877 0.03336808
v -0.00000001 0.08600000 0.04000000
v 0.00000000 0.01375877 0.03336808
v 0.00000000 0.01346411 0.03400000
v -0.00000001 0.07200000 0.03200000
v -0.00000001 0.07206077 0.03130541
v 0.00000000 0.01375877 0.00936808
v 0.00000000 0.01375877 0.00936808
v -0.00000001 0.07206077 0.03130541
v -0.00000001 0.07224123 0.03063192
v 0.00000000 0.01375877 0.00936808
v -0.00000001 0.07224123 0.03063192
v 0.00000000 0.01393923 0.00869459
v 0.00000000 0.01393923 0.00869459
v -0.00000001 0.07224123 0.03063192
v -0.00000001 0.07253590 0.03000000
v 0.00000000 0.01393923 0.00869459
v -0.00000001 0.07253590 0.03000000
v 0.00000000 0.01400000 0.00800000
v 0.00000000 0.01400000 0.00800000
v -0.00000001 0.07253590 0.03000000
v 0.00000000 0.01393923 0.00730541
v -0.00000001 0.07400000 0.02853590
v -0.00000001 0.07463192 0.02824123
v -0.00000001 0.07530541 0.01193923
v -0.00000001 0.07530541 0.01193923
v -0.00000001 0.07463192 0.02824123
v -0.00000001 0.07530541 0.02806077
v -0.00000001 0.07530541 0.01193923
v -0.00000001 0.07530541 0.02806077
v -0.00000001 0.07600000 0.01200000
v -0.00000001 0.07600000 0.01200000
v -0.00000001 0.07530541 0.02806077
v -0.00000001 0.07600000 0.02800000
v -0.00000001 0.07600000 0.01200000
v -0.00000001 0.07600000 0.02800000
v -0.00000001 0.07669460 0.01193923
v -0.00000001 0.07669460 0.01193923
v -0.00000001 0.07600000 0.02800000
v -0.00000001 0.07669460 0.02806077
v -0.00000001 0.07669460 0.01193923
v -0.00000001 0.07669460 0.02806077
v -0.00000001 0.07736808 0.02824123
v -0.00000001 0.07993923 0.00730541
v -0.00000001 0.08000000 0.00800000
v -0.00000001 0.08600000 0.00000000
v -0.00000001 0.08600000 0.00000000
v -0.00000001 0.08000000 0.00800000
v -0.00000001 0.07993923 0.00869459
v -0.00000001 0.08600000 0.00000000
v -0.00000001 0.07993923 0.00869459
v -0.00000001 0.08600000 0.04000000
v -0.00000001 0.08600000 0.04000000
v -0.00000001 0.07993923 0.00869459
v -0.00000001 0.07975877 0.00936808
v -0.00000001 0.08600000 0.04000000
v -0.00000001 0.07975877 0.00936808
v -0.00000001 0.07946410 0.01000000
v -0.00000001 0.07857115 0.01106418
v -0.00000001 0.07800000 0.01146410
v -0.00000001 0.08600000 0.04000000
v -0.00000001 0.08600000 0.04000000
v -0.00000001 0.07800000 0.01146410
v -0.00000001 0.07736808 0.01175877
v -0.00000001 0.08600000 0.04000000
v -0.00000001 0.07736808 0.01175877
v -0.00000001 0.07669460 0.01193923
v -0.00000001 0.07946410 0.03000000
v -0.00000001 0.07975877 0.03063192
v -0.00000001 0.07669460 0.01193923
v -0.00000001 0.07669460 0.01193923
v -0.00000001 0.07975877 0.03063192
v -0.00000001 0.07993923 0.03130541
v -0.00000001 0.07669460 0.01193923
v -0.00000001 0.07993923 0.03130541
v -0.00000001 0.08600000 0.04000000
v -0.00000001 0.08600000 0.04000000
v -0.00000001 0.07993923 0.03130541
v -0.00000001 0.08000000 0.03200000
v -0.00000001 0.08600000 0.04000000
v -0.00000001 0.08000000 0.03200000
v -0.00000001 0.07993923 0.03269459
v 0.04500000 0.00000000 0.04000000
v 0.00000000 0.00000000 0.04000000
v 0.04500000 0.00000000 0.00000000
v 0.04500000 0.00000000 0.00000000
v 0.00000000 0.00000000 0.04000000
v 0.00000000 0.00000000 0.00000000
v 0.06200000 0.01700001 0.04000000
v 0.04500000 0.00000000 0.04000000
v 0.06200000 0.01700001 0.00000000
v 0.06200000 0.01700001 0.00000000
v 0.04500000 0.00000000 0.04000000
v 0.04500000 0.00000000 0.00000000
v 0.06199999 0.06900001 0.04000000
v 0.06200000 0.01700001 0.04000000
v 0.06199999 0.06900001 0.00000000
v 0.06199999 0.06900001 0.00000000
v 0.06200000 0.01700001 0.04000000
v 0.06200000 0.01700001 0.00000000
v 0.04499999 0.08600001 0.04000000
v 0.06199999 0.06900001 0.04000000
v 0.04499999 0.08600001 0.00000000
v 0.04499999 0.08600001 0.00000000
v 0.06199999 0.06900001 0.04000000
v 0.06199999 0.06900001 0.00000000
v 0.05409698 0.05256709 0.04000000
v 0.05514815 0.04947049 0.04000000
v 0.06199999 0.06900001 0.04000000
v 0.00685185 0.03652952 0.04000000
v 0.00621387 0.03973685 0.04000000
v 0.00000000 0.00000000 0.04000000
v 0.00000000 0.00000000 0.04000000
v 0.00621387 0.03973685 0.04000000
v 0.00600000 0.04300000 0.04000000
v 0.00000000 0.00000000 0.04000000
v 0.00600000 0.04300000 0.04000000
v -0.00000001 0.08600000 0.04000000
v 0.01116617 0.02778097 0.04000000
v 0.00000000 0.00000000 0.04000000
v 0.01332233 0.02532233 0.04000000
v 0.01332233 0.02532233 0.04000000
v 0.00000000 0.00000000 0.04000000
v 0.01578096 0.02316617 0.04000000
v 0.01116617 0.02778097 0.04000000
v 0.00934936 0.03050000 0.04000000
v 0.00000000 0.00000000 0.04000000
v 0.00000000 0.00000000 0.04000000
v 0.00934936 0.03050000 0.04000000
v 0.00790301 0.03343291 0.04000000
v 0.00000000 0.00000000 0.04000000
v 0.00790301 0.03343291 0.04000000
v 0.00685185 0.03652952 0.04000000
v 0.04867767 0.06067768 0.04000000
v 0.05083383 0.05821904 0.04000000
v 0.06199999 0.06900001 0.04000000
v 0.06199999 0.06900001 0.04000000
v 0.05083383 0.05821904 0.04000000
v 0.05265063 0.05550000 0.04000000
v 0.06199999 0.06900001 0.04000000
v 0.05265063 0.05550000 0.04000000
v 0.05409698 0.05256709 0.04000000
v 0.04056709 0.01990301 0.04000000
v 0.03747047 0.01885186 0.04000000
v 0.04500000 0.00000000 0.04000000
v 0.01332232 0.06067767 0.04000000
v 0.01578095 0.06283383 0.04000000
v -0.00000001 0.08600000 0.04000000
v -0.00000001 0.08600000 0.04000000
v 0.01578095 0.06283383 0.04000000
v 0.01849999 0.06465064 0.04000000
v -0.00000001 0.08600000 0.04000000
v 0.01849999 0.06465064 0.04000000
v 0.02143290 0.06609699 0.04000000
v 0.05514815 0.04947049 0.04000000
v 0.05578612 0.04626317 0.04000000
v 0.06199999 0.06900001 0.04000000
v 0.06199999 0.06900001 0.04000000
v 0.05578612 0.04626317 0.04000000
v 0.05600000 0.04300001 0.04000000
v 0.06199999 0.06900001 0.04000000
v 0.05600000 0.04300001 0.04000000
v 0.06200000 0.01700001 0.04000000
v 0.06200000 0.01700001 0.04000000
v 0.05600000 0.04300001 0.04000000
v 0.05578612 0.03973686 0.04000000
v 0.06200000 0.01700001 0.04000000
v 0.05578612 0.03973686 0.04000000
v 0.05514815 0.03652953 0.04000000
v 0.05514815 0.03652953 0.04000000
v 0.05409699 0.03343292 0.04000000
v 0.06200000 0.01700001 0.04000000
v 0.06200000 0.01700001 0.04000000
v 0.05409699 0.03343292 0.04000000
v 0.05265063 0.03050001 0.04000000
v 0.06200000 0.01700001 0.04000000
v 0.05265063 0.03050001 0.04000000
v 0.05083383 0.02778098 0.04000000
v 0.03747047 0.01885186 0.04000000
v 0.03426316 0.01821389 0.04000000
v 0.04500000 0.00000000 0.04000000
v 0.04500000 0.00000000 0.04000000
v 0.03426316 0.01821389 0.04000000
v 0.03100000 0.01800000 0.04000000
v 0.04500000 0.00000000 0.04000000
v 0.03100000 0.01800000 0.04000000
v 0.00000000 0.00000000 0.04000000
v 0.00000000 0.00000000 0.04000000
v 0.03100000 0.01800000 0.04000000
v 0.02773684 0.01821388 0.04000000
v 0.00000000 0.00000000 0.04000000
v 0.02773684 0.01821388 0.04000000
v 0.02452952 0.01885185 0.04000000
v 0.02452952 0.01885185 0.04000000
v 0.02143291 0.01990301 0.04000000
v 0.00000000 0.00000000 0.04000000
v 0.00000000 0.00000000 0.04000000
v 0.02143291 0.01990301 0.04000000
v 0.01850000 0.02134937 0.04000000
v 0.00000000 0.00000000 0.04000000
v 0.01850000 0.02134937 0.04000000
v 0.01578096 0.02316617 0.04000000
v 0.00600000 0.04300000 0.04000000
v 0.00621387 0.04626316 0.04000000
v -0.00000001 0.08600000 0.04000000
v -0.00000001 0.08600000 0.04000000
v 0.00621387 0.04626316 0.04000000
v 0.00685185 0.04947048 0.04000000
v -0.00000001 0.08600000 0.04000000
v 0.00685185 0.04947048 0.04000000
v 0.00790301 0.05256708 0.04000000
v 0.03426315 0.06778612 0.04000000
v 0.03747046 0.06714815 0.04000000
v 0.04499999 0.08600001 0.04000000
v 0.05083383 0.02778098 0.04000000
v 0.04867767 0.02532234 0.04000000
v 0.06200000 0.01700001 0.04000000
v 0.06200000 0.01700001 0.04000000
v 0.04867767 0.02532234 0.04000000
v 0.04621904 0.02316618 0.04000000
v 0.06200000 0.01700001 0.04000000
v 0.04621904 0.02316618 0.04000000
v 0.04500000 0.00000000 0.04000000
v 0.04500000 0.00000000 0.04000000
v 0.04621904 0.02316618 0.04000000
v 0.04350000 0.02134938 0.04000000
v 0.04500000 0.00000000 0.04000000
v 0.04350000 0.02134938 0.04000000
v 0.04056709 0.01990301 0.04000000
v 0.00790301 0.05256708 0.04000000
v 0.00934936 0.05550000 0.04000000
v -0.00000001 0.08600000 0.04000000
v -0.00000001 0.08600000 0.04000000
v 0.00934936 0.05550000 0.04000000
v 0.01116616 0.05821904 0.04000000
v -0.00000001 0.08600000 0.04000000
v 0.01116616 0.05821904 0.04000000
v 0.01332232 0.06067767 0.04000000
v 0.02143290 0.06609699 0.04000000
v 0.02452951 0.06714815 0.04000000
v -0.00000001 0.08600000 0.04000000
v -0.00000001 0.08600000 0.04000000
v 0.02452951 0.06714815 0.04000000
v 0.02773683 0.06778612 0.04000000
v -0.00000001 0.08600000 0.04000000
v 0.02773683 0.06778612 0.04000000
v 0.04499999 0.08600001 0.04000000
v 0.04499999 0.08600001 0.04000000
v 0.02773683 0.06778612 0.04000000
v 0.03099999 0.06800000 0.04000000
v 0.04499999 0.08600001 0.04000000
v 0.03099999 0.06800000 0.04000000
v 0.03426315 0.06778612 0.04000000
v 0.03747046 0.06714815 0.04000000
v 0.04056708 0.06609699 0.04000000
v 0.04499999 0.08600001 0.04000000
v 0.04499999 0.08600001 0.04000000
v 0.04056708 0.06609699 0.04000000
v 0.04350000 0.06465064 0.04000000
v 0.04499999 0.08600001 0.04000000
v 0.04350000 0.06465064 0.04000000
v 0.06199999 0.06900001 0.04000000
v 0.06199999 0.06900001 0.04000000
v 0.04350000 0.06465064 0.04000000
v 0.04621904 0.06283384 0.04000000
v 0.06199999 0.06900001 0.04000000
v 0.04621904 0.06283384 0.04000000
v 0.04867767 0.06067768 0.04000000
v 0.05514815 0.03652953 0.00000000
v 0.05578612 0.03973686 0.00000000
v 0.06200000 0.01700001 0.00000000
v 0.06200000 0.01700001 0.00000000
v 0.05578612 0.03973686 0.00000000
v 0.05600000 0.04300001 0.00000000
v 0.06200000 0.01700001 0.00000000
v 0.05600000 0.04300001 0.00000000
v 0.06199999 0.06900001 0.00000000
v 0.06199999 0.06900001 0.00000000
v 0.05600000 0.04300001 0.00000000
v 0.05578612 0.04626317 0.00000000
v 0.06199999 0.06900001 0.00000000
v 0.05578612 0.04626317 0.00000000
v 0.05514815 0.04947049 0.00000000
v 0.00000000 0.00000000 0.00000000
v 0.01850000 0.02134937 0.00000000
v 0.02143291 0.01990301 0.00000000
v 0.05514815 0.04947049 0.00000000
v 0.05409698 0.05256709 0.00000000
v 0.06199999 0.06900001 0.00000000
v 0.06199999 0.06900001 0.00000000
v 0.05409698 0.05256709 0.00000000
v 0.05265063 0.05550000 0.00000000
v 0.06199999 0.06900001 0.00000000
v 0.05265063 0.05550000 0.00000000
v 0.05083383 0.05821904 0.00000000
v 0.04500000 0.00000000 0.00000000
v 0.03426316 0.01821389 0.00000000
v 0.03747047 0.01885186 0.00000000
v 0.04056708 0.06609699 0.00000000
v 0.03747046 0.06714815 0.00000000
v 0.04499999 0.08600001 0.00000000
v 0.02143291 0.01990301 0.00000000
v 0.02452952 0.01885185 0.00000000
v 0.00000000 0.00000000 0.00000000
v 0.00000000 0.00000000 0.00000000
v 0.02452952 0.01885185 0.00000000
v 0.02773684 0.01821388 0.00000000
v 0.00000000 0.00000000 0.00000000
v 0.02773684 0.01821388 0.00000000
v 0.04500000 0.00000000 0.00000000
v 0.04500000 0.00000000 0.00000000
v 0.02773684 0.01821388 0.00000000
v 0.03100000 0.01800000 0.00000000
v 0.04500000 0.00000000 0.00000000
v 0.03100000 0.01800000 0.00000000
v 0.03426316 0.01821389 0.00000000
v 0.04867767 0.02532234 0.00000000
v 0.05083383 0.02778098 0.00000000
v 0.06200000 0.01700001 0.00000000
v 0.05083383 0.05821904 0.00000000
v 0.04867767 0.06067768 0.00000000
v 0.06199999 0.06900001 0.00000000
v 0.06199999 0.06900001 0.00000000
v 0.04867767 0.06067768 0.00000000
v 0.04621904 0.06283384 0.00000000
v 0.06199999 0.06900001 0.00000000
v 0.04621904 0.06283384 0.00000000
v 0.04499999 0.08600001 0.00000000
v 0.04499999 0.08600001 0.00000000
v 0.04621904 0.06283384 0.00000000
v 0.04350000 0.06465064 0.00000000
v 0.04499999 0.08600001 0.00000000
v 0.04350000 0.06465064 0.00000000
v 0.04056708 0.06609699 0.00000000
v 0.01849999 0.06465064 0.00000000
v -0.00000001 0.08600000 0.00000000
v 0.02143291 0.06609699 0.00000000
v 0.02143291 0.06609699 0.00000000
v -0.00000001 0.08600000 0.00000000
v 0.02452951 0.06714815 0.00000000
v 0.01849999 0.06465064 0.00000000
v 0.01578096 0.06283383 0.00000000
v -0.00000001 0.08600000 0.00000000
v -0.00000001 0.08600000 0.00000000
v 0.01578096 0.06283383 0.00000000
v 0.01332233 0.06067767 0.00000000
v -0.00000001 0.08600000 0.00000000
v 0.01332233 0.06067767 0.00000000
v 0.01116617 0.05821904 0.00000000
v 0.03747047 0.01885186 0.00000000
v 0.04056709 0.01990301 0.00000000
v 0.04500000 0.00000000 0.00000000
v 0.04500000 0.00000000 0.00000000
v 0.04056709 0.01990301 0.00000000
v 0.04350000 0.02134938 0.00000000
v 0.04500000 0.00000000 0.00000000
v 0.04350000 0.02134938 0.00000000
v 0.06200000 0.01700001 0.00000000
v 0.06200000 0.01700001 0.00000000
v 0.04350000 0.02134938 0.00000000
v 0.04621904 0.02316618 0.00000000
v 0.06200000 0.01700001 0.00000000
v 0.04621904 0.02316618 0.00000000
v 0.04867767 0.02532234 0.00000000
v 0.05083383 0.02778098 0.00000000
v 0.05265063 0.03050001 0.00000000
v 0.06200000 0.01700001 0.00000000
v 0.06200000 0.01700001 0.00000000
v 0.05265063 0.03050001 0.00000000
v 0.05409699 0.03343292 0.00000000
v 0.06200000 0.01700001 0.00000000
v 0.05409699 0.03343292 0.00000000
v 0.05514815 0.03652953 0.00000000
v 0.01116617 0.05821904 0.00000000
v 0.00934936 0.05550000 0.00000000
v -0.00000001 0.08600000 0.00000000
v -0.00000001 0.08600000 0.00000000
v 0.00934936 0.05550000 0.00000000
v 0.00790301 0.05256708 0.00000000
v -0.00000001 0.08600000 0.00000000
v 0.00790301 0.05256708 0.00000000
v 0.00685185 0.04947048 0.00000000
v 0.00685185 0.03652952 0.00000000
v 0.00790301 0.03343291 0.00000000
v 0.00000000 0.00000000 0.00000000
v 0.00000000 0.00000000 0.00000000
v 0.00790301 0.03343291 0.00000000
v 0.00934937 0.03050000 0.00000000
v 0.00000000 0.00000000 0.00000000
v 0.00934937 0.03050000 0.00000000
v 0.01116617 0.02778097 0.00000000
v 0.01116617 0.02778097 0.00000000
v 0.01332233 0.02532233 0.00000000
v 0.00000000 0.00000000 0.00000000
v 0.00000000 0.00000000 0.00000000
v 0.01332233 0.02532233 0.00000000
v 0.01578096 0.02316617 0.00000000
v 0.00000000 0.00000000 0.00000000
v 0.01578096 0.02316617 0.00000000
v 0.01850000 0.02134937 0.00000000
v 0.03747046 0.06714815 0.00000000
v 0.03426315 0.06778612 0.00000000
v 0.04499999 0.08600001 0.00000000
v 0.04499999 0.08600001 0.00000000
v 0.03426315 0.06778612 0.00000000
v 0.03099999 0.06800000 0.00000000
v 0.04499999 0.08600001 0.00000000
v 0.03099999 0.06800000 0.00000000
v -0.00000001 0.08600000 0.00000000
v -0.00000001 0.08600000 0.00000000
v 0.03099999 0.06800000 0.00000000
v 0.02773683 0.06778612 0.00000000
v -0.00000001 0.08600000 0.00000000
v 0.02773683 0.06778612 0.00000000
v 0.02452951 0.06714815 0.00000000
v 0.00685185 0.04947048 0.00000000
v 0.00621388 0.04626316 0.00000000
v -0.00000001 0.08600000 0.00000000
v -0.00000001 0.08600000 0.00000000
v 0.00621388 0.04626316 0.00000000
v 0.00600000 0.04300000 0.00000000
v -0.00000001 0.08600000 0.00000000
v 0.00600000 0.04300000 0.00000000
v 0.00000000 0.00000000 0.00000000
v 0.00000000 0.00000000 0.00000000
v 0.00600000 0.04300000 0.00000000
v 0.00621388 0.03973685 0.00000000
v 0.00000000 0.00000000 0.00000000
v 0.00621388 0.03973685 0.00000000
v 0.00685185 0.03652952 0.00000000
v 0.00799999 0.07200000 0.03200000
v -0.00000001 0.07200000 0.03200000
v 0.00799999 0.07206077 0.03269459
v 0.00799999 0.07206077 0.03269459
v -0.00000001 0.07200000 0.03200000
v -0.00000001 0.07206077 0.03269459
v 0.00799999 0.07206077 0.03269459
v -0.00000001 0.07206077 0.03269459
v 0.00799999 0.07224123 0.03336808
v 0.00799999 0.07224123 0.03336808
v -0.00000001 0.07206077 0.03269459
v -0.00000001 0.07224123 0.03336808
v 0.00799999 0.07224123 0.03336808
v -0.00000001 0.07224123 0.03336808
v 0.00799999 0.07253590 0.03400000
v 0.00799999 0.07253590 0.03400000
v -0.00000001 0.07224123 0.03336808
v -0.00000001 0.07253590 0.03400000
v 0.00799999 0.07253590 0.03400000
v -0.00000001 0.07253590 0.03400000
v 0.00799999 0.07293582 0.03457115
v 0.00799999 0.07293582 0.03457115
v -0.00000001 0.07253590 0.03400000
v -0.00000001 0.07293582 0.03457115
v 0.00799999 0.07293582 0.03457115
v -0.00000001 0.07293582 0.03457115
v 0.00799999 0.07342885 0.03506418
v 0.00799999 0.07342885 0.03506418
v -0.00000001 0.07293582 0.03457115
v -0.00000001 0.07342885 0.03506418
v 0.00799999 0.07342885 0.03506418
v -0.00000001 0.07342885 0.03506418
v 0.00799999 0.07400000 0.03546410
v 0.00799999 0.07400000 0.03546410
v -0.00000001 0.07342885 0.03506418
v -0.00000001 0.07400000 0.03546410
v 0.00799999 0.07400000 0.03546410
v -0.00000001 0.07400000 0.03546410
v 0.00799999 0.07463192 0.03575877
v 0.00799999 0.07463192 0.03575877
v -0.00000001 0.07400000 0.03546410
v -0.00000001 0.07463192 0.03575877
v 0.00799999 0.07463192 0.03575877
v -0.00000001 0.07463192 0.03575877
v 0.00799999 0.07530541 0.03593923
v 0.00799999 0.07530541 0.03593923
v -0.00000001 0.07463192 0.03575877
v -0.00000001 0.07530541 0.03593923
v 0.00799999 0.07530541 0.03593923
v -0.00000001 0.07530541 0.03593923
v 0.00799999 0.07600000 0.03600000
v 0.00799999 0.07600000 0.03600000
v -0.00000001 0.07530541 0.03593923
v -0.00000001 0.07600000 0.03600000
v 0.00799999 0.07600000 0.03600000
v -0.00000001 0.07600000 0.03600000
v 0.00799999 0.07669460 0.03593923
v 0.00799999 0.07669460 0.03593923
v -0.00000001 0.07600000 0.03600000
v -0.00000001 0.07669460 0.03593923
v 0.00799999 0.07669460 0.03593923
v -0.00000001 0.07669460 0.03593923
v 0.00799999 0.07736808 0.03575877
v 0.00799999 0.07736808 0.03575877
v -0.00000001 0.07669460 0.03593923
v -0.00000001 0.07736808 0.03575877
v 0.00799999 0.07736808 0.03575877
v -0.00000001 0.07736808 0.03575877
v 0.00799999 0.07800000 0.03546410
v 0.00799999 0.07800000 0.03546410
v -0.00000001 0.07736808 0.03575877
v -0.00000001 0.07800000 0.03546410
v 0.00799999 0.07800000 0.03546410
v -0.00000001 0.07800000 0.03546410
v 0.00799999 0.07857115 0.03506418
v 0.00799999 0.07857115 0.03506418
v -0.00000001 0.07800000 0.03546410
v -0.00000001 0.07857115 0.03506418
v 0.00799999 0.07857115 0.03506418
v -0.00000001 0.07857115 0.03506418
v 0.00799999 0.07906418 0.03457115
v 0.00799999 0.07906418 0.03457115
v -0.00000001 0.07857115 0.03506418
v -0.00000001 0.07906418 0.03457115
v 0.00799999 0.07906418 0.03457115
v -0.00000001 0.07906418 0.03457115
v 0.00799999 0.07946410 0.03400000
v 0.00799999 0.07946410 0.03400000
v -0.00000001 0.07906418 0.03457115
v -0.00000001 0.07946410 0.03400000
v 0.00799999 0.07946410 0.03400000
v -0.00000001 0.07946410 0.03400000
v 0.00799999 0.07975877 0.03336808
v 0.00799999 0.07975877 0.03336808
v -0.00000001 0.07946410 0.03400000
v -0.00000001 0.07975877 0.03336808
v 0.00799999 0.07975877 0.03336808
v -0.00000001 0.07975877 0.03336808
v 0.00799999 0.07993923 0.03269459
v 0.00799999 0.07993923 0.03269459
v -0.00000001 0.07975877 0.03336808
v -0.00000001 0.07993923 0.03269459
v 0.00799999 0.07993923 0.03269459
v -0.00000001 0.07993923 0.03269459
v 0.00799999 0.08000000 0.03200000
v 0.00799999 0.08000000 0.03200000
v -0.00000001 0.07993923 0.03269459
v -0.00000001 0.08000000 0.03200000
v 0.00799999 0.08000000 0.03200000
v -0.00000001 0.08000000 0.03200000
v 0.00799999 0.07993923 0.03130541
v 0.00799999 0.07993923 0.03130541
v -0.00000001 0.08000000 0.03200000
v -0.00000001 0.07993923 0.03130541
v 0.00799999 0.07993923 0.03130541
v -0.00000001 0.07993923 0.03130541
v 0.00799999 0.07975877 0.03063192
v 0.00799999 0.07975877 0.03063192
v -0.00000001 0.07993923 0.03130541
v -0.00000001 0.07975877 0.03063192
v 0.00799999 0.07975877 0.03063192
v -0.00000001 0.07975877 0.03063192
v 0.00799999 0.07946410 0.03000000
v 0.00799999 0.07946410 0.03000000
v -0.00000001 0.07975877 0.03063192
v -0.00000001 0.07946410 0.03000000
v 0.00799999 0.07946410 0.03000000
v -0.00000001 0.07946410 0.03000000
v 0.00799999 0.07906418 0.02942885
v 0.00799999 0.07906418 0.02942885
v -0.00000001 0.07946410 0.03000000
v -0.00000001 0.07906418 0.02942885
v 0.00799999 0.07906418 0.02942885
v -0.00000001 0.07906418 0.02942885
v 0.00799999 0.07857115 0.02893582
v 0.00799999 0.07857115 0.02893582
v -0.00000001 0.07906418 0.02942885
v -0.00000001 0.07857115 0.02893582
v 0.00799999 0.07857115 0.02893582
v -0.00000001 0.07857115 0.02893582
v 0.00799999 0.07800000 0.02853590
v 0.00799999 0.07800000 0.02853590
v -0.00000001 0.07857115 0.02893582
v -0.00000001 0.07800000 0.02853590
v 0.00799999 0.07800000 0.02853590
v -0.00000001 0.07800000 0.02853590
v 0.00799999 0.07736808 0.02824123
v 0.00799999 0.07736808 0.02824123
v -0.00000001 0.07800000 0.02853590
v -0.00000001 0.07736808 0.02824123
v 0.00799999 0.07736808 0.02824123
v -0.00000001 0.07736808 0.02824123
v 0.00799999 0.07669460 0.02806077
v 0.00799999 0.07669460 0.02806077
v -0.00000001 0.07736808 0.02824123
v -0.00000001 0.07669460 0.02806077
v 0.00799999 0.07669460 0.02806077
v -0.00000001 0.07669460 0.02806077
v 0.00799999 0.07600000 0.02800000
v 0.00799999 0.07600000 0.02800000
v -0.00000001 0.07669460 0.02806077
v -0.00000001 0.07600000 0.02800000
v 0.00799999 0.07600000 0.02800000
v -0.00000001 0.07600000 0.02800000
v 0.00799999 0.07530541 0.02806077
v 0.00799999 0.07530541 0.02806077
v -0.00000001 0.07600000 0.02800000
v -0.00000001 0.07530541 0.02806077
v 0.00799999 0.07530541 0.02806077
v -0.00000001 0.07530541 0.02806077
v 0.00799999 0.07463192 0.02824123
v 0.00799999 0.07463192 0.02824123
v -0.00000001 0.07530541 0.02806077
v -0.00000001 0.07463192 0.02824123
v 0.00799999 0.07463192 0.02824123
v -0.00000001 0.07463192 0.02824123
v 0.00799999 0.07400000 0.02853590
v 0.00799999 0.07400000 0.02853590
v -0.00000001 0.07463192 0.02824123
v -0.00000001 0.07400000 0.02853590
v 0.00799999 0.07400000 0.02853590
v -0.00000001 0.07400000 0.02853590
v 0.00799999 0.07342885 0.02893582
v 0.00799999 0.07342885 0.02893582
v -0.00000001 0.07400000 0.02853590
v -0.00000001 0.07342885 0.02893582
v 0.00799999 0.07342885 0.02893582
v -0.00000001 0.07342885 0.02893582
v 0.00799999 0.07293582 0.02942885
v 0.00799999 0.07293582 0.02942885
v -0.00000001 0.07342885 0.02893582
v -0.00000001 0.07293582 0.02942885
v 0.00799999 0.07293582 0.02942885
v -0.00000001 0.07293582 0.02942885
v 0.00799999 0.07253590 0.03000000
v 0.00799999 0.07253590 0.03000000
v -0.00000001 0.07293582 0.02942885
v -0.00000001 0.07253590 0.03000000
v 0.00799999 0.07253590 0.03000000
v -0.00000001 0.07253590 0.03000000
v 0.00799999 0.07224123 0.03063192
v 0.00799999 0.07224123 0.03063192
v -0.00000001 0.07253590 0.03000000
v -0.00000001 0.07224123 0.03063192
v 0.00799999 0.07224123 0.03063192
v -0.00000001 0.07224123 0.03063192
v 0.00799999 0.07206077 0.03130541
v 0.00799999 0.07206077 0.03130541
v -0.00000001 0.07224123 0.03063192
v -0.00000001 0.07206077 0.03130541
v 0.00799999 0.07206077 0.03130541
v -0.00000001 0.07206077 0.03130541
v 0.00799999 0.07200000 0.03200000
v 0.00799999 0.07200000 0.03200000
v -0.00000001 0.07206077 0.03130541
v -0.00000001 0.07200000 0.03200000
v 0.00799999 0.07224123 0.03063192
v 0.00799999 0.07206077 0.03130541
v 0.00799999 0.07600000 0.03200000
v 0.00799999 0.07600000 0.03200000
v 0.00799999 0.07206077 0.03130541
v 0.00799999 0.07200000 0.03200000
v 0.00799999 0.07600000 0.03200000
v 0.00799999 0.07200000 0.03200000
v 0.00799999 0.07206077 0.03269459
v 0.00799999 0.07342885 0.02893582
v 0.00799999 0.07293582 0.02942885
v 0.00799999 0.07600000 0.03200000
v 0.00799999 0.07600000 0.03200000
v 0.00799999 0.07293582 0.02942885
v 0.00799999 0.07253590 0.03000000
v 0.00799999 0.07600000 0.03200000
v 0.00799999 0.07253590 0.03000000
v 0.00799999 0.07224123 0.03063192
v 0.00799999 0.07530541 0.02806077
v 0.00799999 0.07463192 0.02824123
v 0.00799999 0.07600000 0.03200000
v 0.00799999 0.07600000 0.03200000
v 0.00799999 0.07463192 0.02824123
v 0.00799999 0.07400000 0.02853590
v 0.00799999 0.07600000 0.03200000
v 0.00799999 0.07400000 0.02853590
v 0.00799999 0.07342885 0.02893582
v 0.00799999 0.07736808 0.02824123
v 0.00799999 0.07669460 0.02806077
v 0.00799999 0.07600000 0.03200000
v 0.00799999 0.07600000 0.03200000
v 0.00799999 0.07669460 0.02806077
v 0.00799999 0.07600000 0.02800000
v 0.00799999 0.07600000 0.03200000
v 0.00799999 0.07600000 0.02800000
v 0.00799999 0.07530541 0.02806077
v 0.00799999 0.07906418 0.02942885
v 0.00799999 0.07857115 0.02893582
v 0.00799999 0.07600000 0.03200000
v 0.00799999 0.07600000 0.03200000
v 0.00799999 0.07857115 0.02893582
v 0.00799999 0.07800000 0.02853590
v 0.00799999 0.07600000 0.03200000
v 0.00799999 0.07800000 0.02853590
v 0.00799999 0.07736808 0.02824123
v 0.00799999 0.07993923 0.03130541
v 0.00799999 0.07975877 0.03063192
v 0.00799999 0.07600000 0.03200000
v 0.00799999 0.07600000 0.03200000
v 0.00799999 0.07975877 0.03063192
v 0.00799999 0.07946410 0.03000000
v 0.00799999 0.07600000 0.03200000
v 0.00799999 0.07946410 0.03000000
v 0.00799999 0.07906418 0.02942885
v 0.00799999 0.07975877 0.03336808
v 0.00799999 0.07993923 0.03269459
v 0.00799999 0.07600000 0.03200000
v 0.00799999 0.07600000 0.03200000
v 0.00799999 0.07993923 0.03269459
v 0.00799999 0.08000000 0.03200000
v 0.00799999 0.07600000 0.03200000
v 0.00799999 0.08000000 0.03200000
v 0.00799999 0.07993923 0.03130541
v 0.00799999 0.07857115 0.03506418
v 0.00799999 0.07906418 0.03457115
v 0.00799999 0.07600000 0.03200000
v 0.00799999 0.07600000 0.03200000
v 0.00799999 0.07906418 0.03457115
v 0.00799999 0.07946410 0.03400000
v 0.00799999 0.07600000 0.03200000
v 0.00799999 0.07946410 0.03400000
v 0.00799999 0.07975877 0.03336808
v 0.00799999 0.07669460 0.03593923
v 0.00799999 0.07736808 0.03575877
v 0.00799999 0.07600000 0.03200000
v 0.00799999 0.07600000 0.03200000
v 0.00799999 0.07736808 0.03575877
v 0.00799999 0.07800000 0.03546410
v 0.00799999 0.07600000 0.03200000
v 0.00799999 0.07800000 0.03546410
v 0.00799999 0.07857115 0.03506418
v 0.00799999 0.07463192 0.03575877
v 0.00799999 0.07530541 0.03593923
v 0.00799999 0.07600000 0.03200000
v 0.00799999 0.07600000 0.03200000
v 0.00799999 0.07530541 0.03593923
v 0.00799999 0.07600000 0.03600000
v 0.00799999 0.07600000 0.03200000
v 0.00799999 0.07600000 0.03600000
v 0.00799999 0.07669460 0.03593923
v 0.00799999 0.07293582 0.03457115
v 0.00799999 0.07342885 0.03506418
v 0.00799999 0.07600000 0.03200000
v 0.00799999 0.07600000 0.03200000
v 0.00799999 0.07342885 0.03506418
v 0.00799999 0.07400000 0.03546410
v 0.00799999 0.07600000 0.03200000
v 0.00799999 0.07400000 0.03546410
v 0.00799999 0.07463192 0.03575877
v 0.00799999 0.07206077 0.03269459
v 0.00799999 0.07224123 0.03336808
v 0.00799999 0.07600000 0.03200000
v 0.00799999 0.07600000 0.03200000
v 0.00799999 0.07224123 0.03336808
v 0.00799999 0.07253590 0.03400000
v 0.00799999 0.07600000 0.03200000
v 0.00799999 0.07253590 0.03400000
v 0.00799999 0.07293582 0.03457115
v 0.00799999 0.07200000 0.00800000
v -0.00000001 0.07200000 0.00800000
v 0.00799999 0.07206077 0.00869459
v 0.00799999 0.07206077 0.00869459
v -0.00000001 0.07200000 0.00800000
v -0.00000001 0.07206077 0.00869459
v 0.00799999 0.07206077 0.00869459
v -0.00000001 0.07206077 0.00869459
v 0.00799999 0.07224123 0.00936808
v 0.00799999 0.07224123 0.00936808
v -0.00000001 0.07206077 0.00869459
v -0.00000001 0.07224123 0.00936808
v 0.00799999 0.07224123 0.00936808
v -0.00000001 0.07224123 0.00936808
v 0.00799999 0.07253590 0.01000000
v 0.00799999 0.07253590 0.01000000
v -0.00000001 0.07224123 0.00936808
v -0.00000001 0.07253590 0.01000000
v 0.00799999 0.07253590 0.01000000
v -0.00000001 0.07253590 0.01000000
v 0.00799999 0.07293582 0.01057115
v 0.00799999 0.07293582 0.01057115
v -0.00000001 0.07253590 0.01000000
v -0.00000001 0.07293582 0.01057115
v 0.00799999 0.07293582 0.01057115
v -0.00000001 0.07293582 0.01057115
v 0.00799999 0.07342885 0.01106418
v 0.00799999 0.07342885 0.01106418
v -0.00000001 0.07293582 0.01057115
v -0.00000001 0.07342885 0.01106418
v 0.00799999 0.07342885 0.01106418
v -0.00000001 0.07342885 0.01106418
v 0.00799999 0.07400000 0.01146410
v 0.00799999 0.07400000 0.01146410
v -0.00000001 0.07342885 0.01106418
v -0.00000001 0.07400000 0.01146410
v 0.00799999 0.07400000 0.01146410
v -0.00000001 0.07400000 0.01146410
v 0.00799999 0.07463192 0.01175877
v 0.00799999 0.07463192 0.01175877
v -0.00000001 0.07400000 0.01146410
v -0.00000001 0.07463192 0.01175877
v 0.00799999 0.07463192 0.01175877
v -0.00000001 0.07463192 0.01175877
v 0.00799999 0.07530541 0.01193923
v 0.00799999 0.07530541 0.01193923
v -0.00000001 0.07463192 0.01175877
v -0.00000001 0.07530541 0.01193923
v 0.00799999 0.07530541 0.01193923
v -0.00000001 0.07530541 0.01193923
v 0.00799999 0.07600000 0.01200000
v 0.00799999 0.07600000 0.01200000
v -0.00000001 0.07530541 0.01193923
v -0.00000001 0.07600000 0.01200000
v 0.00799999 0.07600000 0.01200000
v -0.00000001 0.07600000 0.01200000
v 0.00799999 0.07669460 0.01193923
v 0.00799999 0.07669460 0.01193923
v -0.00000001 0.07600000 0.01200000
v -0.00000001 0.07669460 0.01193923
v 0.00799999 0.07669460 0.01193923
v -0.00000001 0.07669460 0.01193923
v 0.00799999 0.07736808 0.01175877
v 0.00799999 0.07736808 0.01175877
v -0.00000001 0.07669460 0.01193923
v -0.00000001 0.07736808 0.01175877
v 0.00799999 0.07736808 0.01175877
v -0.00000001 0.07736808 0.01175877
v 0.00799999 0.07800000 0.01146410
v 0.00799999 0.07800000 0.01146410
v -0.00000001 0.07736808 0.01175877
v -0.00000001 0.07800000 0.01146410
v 0.00799999 0.07800000 0.01146410
v -0.00000001 0.07800000 0.01146410
v 0.00799999 0.07857115 0.01106418
v 0.00799999 0.07857115 0.01106418
v -0.00000001 0.07800000 0.01146410
v -0.00000001 0.07857115 0.01106418
v 0.00799999 0.07857115 0.01106418
v -0.00000001 0.07857115 0.01106418
v 0.00799999 0.07906418 0.01057115
v 0.00799999 0.07906418 0.01057115
v -0.00000001 0.07857115 0.01106418
v -0.00000001 0.07906418 0.01057115
v 0.00799999 0.07906418 0.01057115
v -0.00000001 0.07906418 0.01057115
v 0.00799999 0.07946410 0.01000000
v 0.00799999 0.07946410 0.01000000
v -0.00000001 0.07906418 0.01057115
v -0.00000001 0.07946410 0.01000000
v 0.00799999 0.07946410 0.01000000
v -0.00000001 0.07946410 0.01000000
v 0.00799999 0.07975877 0.00936808
v 0.00799999 0.07975877 0.00936808
v -0.00000001 0.07946410 0.01000000
v -0.00000001 0.07975877 0.00936808
v 0.00799999 0.07975877 0.00936808
v -0.00000001 0.07975877 0.00936808
v 0.00799999 0.07993923 0.00869459
v 0.00799999 0.07993923 0.00869459
v -0.00000001 0.07975877 0.00936808
v -0.00000001 0.07993923 0.00869459
v 0.00799999 0.07993923 0.00869459
v -0.00000001 0.07993923 0.00869459
v 0.00799999 0.08000000 0.00800000
v 0.00799999 0.08000000 0.00800000
v -0.00000001 0.07993923 0.00869459
v -0.00000001 0.08000000 0.00800000
v 0.00799999 0.08000000 0.00800000
v -0.00000001 0.08000000 0.00800000
v 0.00799999 0.07993923 0.00730541
v 0.00799999 0.07993923 0.00730541
v -0.00000001 0.08000000 0.00800000
v -0.00000001 0.07993923 0.00730541
v 0.00799999 0.07993923 0.00730541
v -0.00000001 0.07993923 0.00730541
v 0.00799999 0.07975877 0.00663192
v 0.00799999 0.07975877 0.00663192
v -0.00000001 0.07993923 0.00730541
v -0.00000001 0.07975877 0.00663192
v 0.00799999 0.07975877 0.00663192
v -0.00000001 0.07975877 0.00663192
v 0.00799999 0.07946410 0.00600000
v 0.00799999 0.07946410 0.00600000
v -0.00000001 0.07975877 0.00663192
v -0.00000001 0.07946410 0.00600000
v 0.00799999 0.07946410 0.00600000
v -0.00000001 0.07946410 0.00600000
v 0.00799999 0.07906418 0.00542885
v 0.00799999 0.07906418 0.00542885
v -0.00000001 0.07946410 0.00600000
v -0.00000001 0.07906418 0.00542885
v 0.00799999 0.07906418 0.00542885
v -0.00000001 0.07906418 0.00542885
v 0.00799999 0.07857115 0.00493582
v 0.00799999 0.07857115 0.00493582
v -0.00000001 0.07906418 0.00542885
v -0.00000001 0.07857115 0.00493582
v 0.00799999 0.07857115 0.00493582
v -0.00000001 0.07857115 0.00493582
v 0.00799999 0.07800000 0.00453590
v 0.00799999 0.07800000 0.00453590
v -0.00000001 0.07857115 0.00493582
v -0.00000001 0.07800000 0.00453590
v 0.00799999 0.07800000 0.00453590
v -0.00000001 0.07800000 0.00453590
v 0.00799999 0.07736808 0.00424123
v 0.00799999 0.07736808 0.00424123
v -0.00000001 0.07800000 0.00453590
v -0.00000001 0.07736808 0.00424123
v 0.00799999 0.07736808 0.00424123
v -0.00000001 0.07736808 0.00424123
v 0.00799999 0.07669460 0.00406077
v 0.00799999 0.07669460 0.00406077
v -0.00000001 0.07736808 0.00424123
v -0.00000001 0.07669460 0.00406077
v 0.00799999 0.07669460 0.00406077
v -0.00000001 0.07669460 0.00406077
v 0.00799999 0.07600000 0.00400000
v 0.00799999 0.07600000 0.00400000
v -0.00000001 0.07669460 0.00406077
v -0.00000001 0.07600000 0.00400000
v 0.00799999 0.07600000 0.00400000
v -0.00000001 0.07600000 0.00400000
v 0.00799999 0.07530541 0.00406077
v 0.00799999 0.07530541 0.00406077
v -0.00000001 0.07600000 0.00400000
v -0.00000001 0.07530541 0.00406077
v 0.00799999 0.07530541 0.00406077
v -0.00000001 0.07530541 0.00406077
v 0.00799999 0.07463192 0.00424123
v 0.00799999 0.07463192 0.00424123
v -0.00000001 0.07530541 0.00406077
v -0.00000001 0.07463192 0.00424123
v 0.00799999 0.07463192 0.00424123
v -0.00000001 0.07463192 0.00424123
v 0.00799999 0.07400000 0.00453590
v 0.00799999 0.07400000 0.00453590
v -0.00000001 0.07463192 0.00424123
v -0.00000001 0.07400000 0.00453590
v 0.00799999 0.07400000 0.00453590
v -0.00000001 0.07400000 0.00453590
v 0.00799999 0.07342885 0.00493582
v 0.00799999 0.07342885 0.00493582
v -0.00000001 0.07400000 0.00453590
v -0.00000001 0.07342885 0.00493582
v 0.00799999 0.07342885 0.00493582
v -0.00000001 0.07342885 0.00493582
v 0.00799999 0.07293582 0.00542885
v 0.00799999 0.07293582 0.00542885
v -0.00000001 0.07342885 0.00493582
v -0.00000001 0.07293582 0.00542885
v 0.00799999 0.07293582 0.00542885
v -0.00000001 0.07293582 0.00542885
v 0.00799999 0.07253590 0.00600000
v 0.00799999 0.07253590 0.00600000
v -0.00000001 0.07293582 0.00542885
v -0.00000001 0.07253590 0.00600000
v 0.00799999 0.07253590 0.00600000
v -0.00000001 0.07253590 0.00600000
v 0.00799999 0.07224123 0.00663192
v 0.00799999 0.07224123 0.00663192
v -0.00000001 0.07253590 0.00600000
v -0.00000001 0.07224123 0.00663192
v 0.00799999 0.07224123 0.00663192
v -0.00000001 0.07224123 0.00663192
v 0.00799999 0.07206077 0.00730541
v 0.00799999 0.07206077 0.00730541
v -0.00000001 0.07224123 0.00663192
v -0.00000001 0.07206077 0.00730541
v 0.00799999 0.07206077 0.00730541
v -0.00000001 0.07206077 0.00730541
v 0.00799999 0.07200000 0.00800000
v 0.00799999 0.07200000 0.00800000
v -0.00000001 0.07206077 0.00730541
v -0.00000001 0.07200000 0.00800000
v 0.00799999 0.07224123 0.00663192
v 0.00799999 0.07206077 0.00730541
v 0.00799999 0.07600000 0.00800000
v 0.00799999 0.07600000 0.00800000
v 0.00799999 0.07206077 0.00730541
v 0.00799999 0.07200000 0.00800000
v 0.00799999 0.07600000 0.00800000
v 0.00799999 0.07200000 0.00800000
v 0.00799999 0.07206077 0.00869459
v 0.00799999 0.07342885 0.00493582
v 0.00799999 0.07293582 0.00542885
v 0.00799999 0.07600000 0.00800000
v 0.00799999 0.07600000 0.00800000
v 0.00799999 0.07293582 0.00542885
v 0.00799999 0.07253590 0.00600000
v 0.00799999 0.07600000 0.00800000
v 0.00799999 0.07253590 0.00600000
v 0.00799999 0.07224123 0.00663192
v 0.00799999 0.07530541 0.00406077
v 0.00799999 0.07463192 0.00424123
v 0.00799999 0.07600000 0.00800000
v 0.00799999 0.07600000 0.00800000
v 0.00799999 0.07463192 0.00424123
v 0.00799999 0.07400000 0.00453590
v 0.00799999 0.07600000 0.00800000
v 0.00799999 0.07400000 0.00453590
v 0.00799999 0.07342885 0.00493582
v 0.00799999 0.07736808 0.00424123
v 0.00799999 0.07669460 0.00406077
v 0.00799999 0.07600000 0.00800000
v 0.00799999 0.07600000 0.00800000
v 0.00799999 0.07669460 0.00406077
v 0.00799999 0.07600000 0.00400000
v 0.00799999 0.07600000 0.00800000
v 0.00799999 0.07600000 0.00400000
v 0.00799999 0.07530541 0.00406077
v 0.00799999 0.07906418 0.00542885
v 0.00799999 0.07857115 0.00493582
v 0.00799999 0.07600000 0.00800000
v 0.00799999 0.07600000 0.00800000
v 0.00799999 0.07857115 0.00493582
v 0.00799999 0.07800000 0.00453590
v 0.00799999 0.07600000 0.00800000
v 0.00799999 0.07800000 0.00453590
v 0.00799999 0.07736808 0.00424123
v 0.00799999 0.07993923 0.00730541
v 0.00799999 0.07975877 0.00663192
v 0.00799999 0.07600000 0.00800000
v 0.00799999 0.07600000 0.00800000
v 0.00799999 0.07975877 0.00663192
v 0.00799999 0.07946410 0.00600000
v 0.00799999 0.07600000 0.00800000
v 0.00799999 0.07946410 0.00600000
v 0.00799999 0.07906418 0.00542885
v 0.00799999 0.07975877 0.00936808
v 0.00799999 0.07993923 0.00869459
v 0.00799999 0.07600000 0.00800000
v 0.00799999 0.07600000 0.00800000
v 0.00799999 0.07993923 0.00869459
v 0.00799999 0.08000000 0.00800000
v 0.00799999 0.07600000 0.00800000
v 0.00799999 0.08000000 0.00800000
v 0.00799999 0.07993923 0.00730541
v 0.00799999 0.07857115 0.01106418
v 0.00799999 0.07906418 0.01057115
v 0.00799999 0.07600000 0.00800000
v 0.00799999 0.07600000 0.00800000
v 0.00799999 0.07906418 0.01057115
v 0.00799999 0.07946410 0.01000000
v 0.00799999 0.07600000 0.00800000
v 0.00799999 0.07946410 0.01000000
v 0.00799999 0.07975877 0.00936808
v 0.00799999 0.07669460 0.01193923
v 0.00799999 0.07736808 0.01175877
v 0.00799999 0.07600000 0.00800000
v 0.00799999 0.07600000 0.00800000
v 0.00799999 0.07736808 0.01175877
v 0.00799999 0.07800000 0.01146410
v 0.00799999 0.07600000 0.00800000
v 0.00799999 0.07800000 0.01146410
v 0.00799999 0.07857115 0.01106418
v 0.00799999 0.07463192 0.01175877
v 0.00799999 0.07530541 0.01193923
v 0.00799999 0.07600000 0.00800000
v 0.00799999 0.07600000 0.00800000
v 0.00799999 0.07530541 0.01193923
v 0.00799999 0.07600000 0.01200000
v 0.00799999 0.07600000 0.00800000
v 0.00799999 0.07600000 0.01200000
v 0.00799999 0.07669460 0.01193923
v 0.00799999 0.07293582 0.01057115
v 0.00799999 0.07342885 0.01106418
v 0.00799999 0.07600000 0.00800000
v 0.00799999 0.07600000 0.00800000
v 0.00799999 0.07342885 0.01106418
v 0.00799999 0.07400000 0.01146410
v 0.00799999 0.07600000 0.00800000
v 0.00799999 0.07400000 0.01146410
v 0.00799999 0.07463192 0.01175877
v 0.00799999 0.07206077 0.00869459
v 0.00799999 0.07224123 0.00936808
v 0.00799999 0.07600000 0.00800000
v 0.00799999 0.07600000 0.00800000
v 0.00799999 0.07224123 0.00936808
v 0.00799999 0.07253590 0.01000000
v 0.00799999 0.07600000 0.00800000
v 0.00799999 0.07253590 0.01000000
v 0.00799999 0.07293582 0.01057115
v 0.00800000 0.00600000 0.00800000
v 0.00000000 0.00600000 0.00800000
v 0.00800000 0.00606077 0.00869459
v 0.00800000 0.00606077 0.00869459
v 0.00000000 0.00600000 0.00800000
v 0.00000000 0.00606077 0.00869459
v 0.00800000 0.00606077 0.00869459
v 0.00000000 0.00606077 0.00869459
v 0.00800000 0.00624123 0.00936808
v 0.00800000 0.00624123 0.00936808
v 0.00000000 0.00606077 0.00869459
v 0.00000000 0.00624123 0.00936808
v 0.00800000 0.00624123 0.00936808
v 0.00000000 0.00624123 0.00936808
v 0.00800000 0.00653590 0.01000000
v 0.00800000 0.00653590 0.01000000
v 0.00000000 0.00624123 0.00936808
v 0.00000000 0.00653590 0.01000000
v 0.00800000 0.00653590 0.01000000
v 0.00000000 0.00653590 0.01000000
v 0.00800000 0.00693582 0.01057115
v 0.00800000 0.00693582 0.01057115
v 0.00000000 0.00653590 0.01000000
v 0.00000000 0.00693582 0.01057115
v 0.00800000 0.00693582 0.01057115
v 0.00000000 0.00693582 0.01057115
v 0.00800000 0.00742885 0.01106418
v 0.00800000 0.00742885 0.01106418
v 0.00000000 0.00693582 0.01057115
v 0.00000000 0.00742885 0.01106418
v 0.00800000 0.00742885 0.01106418
v 0.00000000 0.00742885 0.01106418
v 0.00800000 0.00800000 0.01146410
v 0.00800000 0.00800000 0.01146410
v 0.00000000 0.00742885 0.01106418
v 0.00000000 0.00800000 0.01146410
v 0.00800000 0.00800000 0.01146410
v 0.00000000 0.00800000 0.01146410
v 0.00800000 0.00863192 0.01175877
v 0.00800000 0.00863192 0.01175877
v 0.00000000 0.00800000 0.01146410
v 0.00000000 0.00863192 0.01175877
v 0.00800000 0.00863192 0.01175877
v 0.00000000 0.00863192 0.01175877
v 0.00800000 0.00930541 0.01193923
v 0.00800000 0.00930541 0.01193923
v 0.00000000 0.00863192 0.01175877
v 0.00000000 0.00930541 0.01193923
v 0.00800000 0.00930541 0.01193923
v 0.00000000 0.00930541 0.01193923
v 0.00800000 0.01000000 0.01200000
v 0.00800000 0.01000000 0.01200000
v 0.00000000 0.00930541 0.01193923
v 0.00000000 0.01000000 0.01200000
v 0.00800000 0.01000000 0.01200000
v 0.00000000 0.01000000 0.01200000
v 0.00800000 0.01069459 0.01193923
v 0.00800000 0.01069459 0.01193923
v 0.00000000 0.01000000 0.01200000
v 0.00000000 0.01069459 0.01193923
v 0.00800000 0.01069459 0.01193923
v 0.00000000 0.01069459 0.01193923
v 0.00800000 0.01136808 0.01175877
v 0.00800000 0.01136808 0.01175877
v 0.00000000 0.01069459 0.01193923
v 0.00000000 0.01136808 0.01175877
v 0.00800000 0.01136808 0.01175877
v 0.00000000 0.01136808 0.01175877
v 0.00800000 0.01200000 0.01146410
v 0.00800000 0.01200000 0.01146410
v 0.00000000 0.01136808 0.01175877
v 0.00000000 0.01200000 0.01146410
v 0.00800000 0.01200000 0.01146410
v 0.00000000 0.01200000 0.01146410
v 0.00800000 0.01257115 0.01106418
v 0.00800000 0.01257115 0.01106418
v 0.00000000 0.01200000 0.01146410
v 0.00000000 0.01257115 0.01106418
v 0.00800000 0.01257115 0.01106418
v 0.00000000 0.01257115 0.01106418
v 0.00800000 0.01306418 0.01057115
v 0.00800000 0.01306418 0.01057115
v 0.00000000 0.01257115 0.01106418
v 0.00000000 0.01306418 0.01057115
v 0.00800000 0.01306418 0.01057115
v 0.00000000 0.01306418 0.01057115
v 0.00800000 0.01346411 0.01000000
v 0.00800000 0.01346411 0.01000000
v 0.00000000 0.01306418 0.01057115
v 0.00000000 0.01346411 0.01000000
v 0.00800000 0.01346411 0.01000000
v 0.00000000 0.01346411 0.01000000
v 0.00800000 0.01375877 0.00936808
v 0.00800000 0.01375877 0.00936808
v 0.00000000 0.01346411 0.01000000
v 0.00000000 0.01375877 0.00936808
v 0.00800000 0.01375877 0.00936808
v 0.00000000 0.01375877 0.00936808
v 0.00800000 0.01393923 0.00869459
v 0.00800000 0.01393923 0.00869459
v 0.00000000 0.01375877 0.00936808
v 0.00000000 0.01393923 0.00869459
v 0.00800000 0.01393923 0.00869459
v 0.00000000 0.01393923 0.00869459
v 0.00800000 0.01400000 0.00800000
v 0.00800000 0.01400000 0.00800000
v 0.00000000 0.01393923 0.00869459
v 0.00000000 0.01400000 0.00800000
v 0.00800000 0.01400000 0.00800000
v 0.00000000 0.01400000 0.00800000
v 0.00800000 0.01393923 0.00730541
v 0.00800000 0.01393923 0.00730541
v 0.00000000 0.01400000 0.00800000
v 0.00000000 0.01393923 0.00730541
v 0.00800000 0.01393923 0.00730541
v 0.00000000 0.01393923 0.00730541
v 0.00800000 0.01375877 0.00663192
v 0.00800000 0.01375877 0.00663192
v 0.00000000 0.01393923 0.00730541
v 0.00000000 0.01375877 0.00663192
v 0.00800000 0.01375877 0.00663192
v 0.00000000 0.01375877 0.00663192
v 0.00800000 0.01346411 0.00600000
v 0.00800000 0.01346411 0.00600000
v 0.00000000 0.01375877 0.00663192
v 0.00000000 0.01346411 0.00600000
v 0.00800000 0.01346411 0.00600000
v 0.00000000 0.01346411 0.00600000
v 0.00800000 0.01306418 0.00542885
v 0.00800000 0.01306418 0.00542885
v 0.00000000 0.01346411 0.00600000
v 0.00000000 0.01306418 0.00542885
v 0.00800000 0.01306418 0.00542885
v 0.00000000 0.01306418 0.00542885
v 0.00800000 0.01257115 0.00493582
v 0.00800000 0.01257115 0.00493582
v 0.00000000 0.01306418 0.00542885
v 0.00000000 0.01257115 0.00493582
v 0.00800000 0.01257115 0.00493582
v 0.00000000 0.01257115 0.00493582
v 0.00800000 0.01200000 0.00453590
v 0.00800000 0.01200000 0.00453590
v 0.00000000 0.01257115 0.00493582
v 0.00000000 0.01200000 0.00453590
v 0.00800000 0.01200000 0.00453590
v 0.00000000 0.01200000 0.00453590
v 0.00800000 0.01136808 0.00424123
v 0.00800000 0.01136808 0.00424123
v 0.00000000 0.01200000 0.00453590
v 0.00000000 0.01136808 0.00424123
v 0.00800000 0.01136808 0.00424123
v 0.00000000 0.01136808 0.00424123
v 0.00800000 0.01069459 0.00406077
v 0.00800000 0.01069459 0.00406077
v 0.00000000 0.01136808 0.00424123
v 0.00000000 0.01069459 0.00406077
v 0.00800000 0.01069459 0.00406077
v 0.00000000 0.01069459 0.00406077
v 0.00800000 0.01000000 0.00400000
v 0.00800000 0.01000000 0.00400000
v 0.00000000 0.01069459 0.00406077
v 0.00000000 0.01000000 0.00400000
v 0.00800000 0.01000000 0.00400000
v 0.00000000 0.01000000 0.00400000
v 0.00800000 0.00930541 0.00406077
v 0.00800000 0.00930541 0.00406077
v 0.00000000 0.01000000 0.00400000
v 0.00000000 0.00930541 0.00406077
v 0.00800000 0.00930541 0.00406077
v 0.00000000 0.00930541 0.00406077
v 0.00800000 0.00863192 0.00424123
v 0.00800000 0.00863192 0.00424123
v 0.00000000 0.00930541 0.00406077
v 0.00000000 0.00863192 0.00424123
v 0.00800000 0.00863192 0.00424123
v 0.00000000 0.00863192 0.00424123
v 0.00800000 0.00800000 0.00453590
v 0.00800000 0.00800000 0.00453590
v 0.00000000 0.00863192 0.00424123
v 0.00000000 0.00800000 0.00453590
v 0.00800000 0.00800000 0.00453590
v 0.00000000 0.00800000 0.00453590
v 0.00800000 0.00742885 0.00493582
v 0.00800000 0.00742885 0.00493582
v 0.00000000 0.00800000 0.00453590
v 0.00000000 0.00742885 0.00493582
v 0.00800000 0.00742885 0.00493582
v 0.00000000 0.00742885 0.00493582
v 0.00800000 0.00693582 0.00542885
v 0.00800000 0.00693582 0.00542885
v 0.00000000 0.00742885 0.00493582
v 0.00000000 0.00693582 0.00542885
v 0.00800000 0.00693582 0.00542885
v 0.00000000 0.00693582 0.00542885
v 0.00800000 0.00653590 0.00600000
v 0.00800000 0.00653590 0.00600000
v 0.00000000 0.00693582 0.00542885
v 0.00000000 0.00653590 0.00600000
v 0.00800000 0.00653590 0.00600000
v 0.00000000 0.00653590 0.00600000
v 0.00800000 0.00624123 0.00663192
v 0.00800000 0.00624123 0.00663192
v 0.00000000 0.00653590 0.00600000
v 0.00000000 0.00624123 0.00663192
v 0.00800000 0.00624123 0.00663192
v 0.00000000 0.00624123 0.00663192
v 0.00800000 0.00606077 0.00730541
v 0.00800000 0.00606077 0.00730541
v 0.00000000 0.00624123 0.00663192
v 0.00000000 0.00606077 0.00730541
v 0.00800000 0.00606077 0.00730541
v 0.00000000 0.00606077 0.00730541
v 0.00800000 0.00600000 0.00800000
v 0.00800000 0.00600000 0.00800000
v 0.00000000 0.00606077 0.00730541
v 0.00000000 0.00600000 0.00800000
v 0.00800000 0.01375877 0.00936808
v 0.00800000 0.01393923 0.00869459
v 0.00800000 0.01000000 0.00800000
v 0.00800000 0.01000000 0.00800000
v 0.00800000 0.01393923 0.00869459
v 0.00800000 0.01400000 0.00800000
v 0.00800000 0.01000000 0.00800000
v 0.00800000 0.01400000 0.00800000
v 0.00800000 0.01393923 0.00730541
v 0.00800000 0.01257115 0.01106418
v 0.00800000 0.01306418 0.01057115
v 0.00800000 0.01000000 0.00800000
v 0.00800000 0.01000000 0.00800000
v 0.00800000 0.01306418 0.01057115
v 0.00800000 0.01346411 0.01000000
v 0.00800000 0.01000000 0.00800000
v 0.00800000 0.01346411 0.01000000
v 0.00800000 0.01375877 0.00936808
v 0.00800000 0.01069459 0.01193923
v 0.00800000 0.01136808 0.01175877
v 0.00800000 0.01000000 0.00800000
v 0.00800000 0.01000000 0.00800000
v 0.00800000 0.01136808 0.01175877
v 0.00800000 0.01200000 0.01146410
v 0.00800000 0.01000000 0.00800000
v 0.00800000 0.01200000 0.01146410
v 0.00800000 0.01257115 0.01106418
v 0.00800000 0.00863192 0.01175877
v 0.00800000 0.00930541 0.01193923
v 0.00800000 0.01000000 0.00800000
v 0.00800000 0.01000000 0.00800000
v 0.00800000 0.00930541 0.01193923
v 0.00800000 0.01000000 0.01200000
v 0.00800000 0.01000000 0.00800000
v 0.00800000 0.01000000 0.01200000
v 0.00800000 0.01069459 0.01193923
v 0.00800000 0.00693582 0.01057115
v 0.00800000 0.00742885 0.01106418
v 0.00800000 0.01000000 0.00800000
v 0.00800000 0.01000000 0.00800000
v 0.00800000 0.00742885 0.01106418
v 0.00800000 0.00800000 0.01146410
v 0.00800000 0.01000000 0.00800000
v 0.00800000 0.00800000 0.01146410
v 0.00800000 0.00863192 0.01175877
v 0.00800000 0.00606077 0.00869459
v 0.00800000 0.00624123 0.00936808
v 0.00800000 0.01000000 0.00800000
v 0.00800000 0.01000000 0.00800000
v 0.00800000 0.00624123 0.00936808
v 0.00800000 0.00653590 0.01000000
v 0.00800000 0.01000000 0.00800000
v 0.00800000 0.00653590 0.01000000
v 0.00800000 0.00693582 0.01057115
v 0.00800000 0.00624123 0.00663192
v 0.00800000 0.00606077 0.00730541
v 0.00800000 0.01000000 0.00800000
v 0.00800000 0.01000000 0.00800000
v 0.00800000 0.00606077 0.00730541
v 0.00800000 0.00600000 0.00800000
v 0.00800000 0.01000000 0.00800000
v 0.00800000 0.00600000 0.00800000
v 0.00800000 0.00606077 0.00869459
v 0.00800000 0.00742885 0.00493582
v 0.00800000 0.00693582 0.00542885
v 0.00800000 0.01000000 0.00800000
v 0.00800000 0.01000000 0.00800000
v 0.00800000 0.00693582 0.00542885
v 0.00800000 0.00653590 0.00600000
v 0.00800000 0.01000000 0.00800000
v 0.00800000 0.00653590 0.00600000
v 0.00800000 0.00624123 0.00663192
v 0.00800000 0.00930541 0.00406077
v 0.00800000 0.00863192 0.00424123
v 0.00800000 0.01000000 0.00800000
v 0.00800000 0.01000000 0.00800000
v 0.00800000 0.00863192 0.00424123
v 0.00800000 0.00800000 0.00453590
v 0.00800000 0.01000000 0.00800000
v 0.00800000 0.00800000 0.00453590
v 0.00800000 0.00742885 0.00493582
v 0.00800000 0.01136808 0.00424123
v 0.00800000 0.01069459 0.00406077
v 0.00800000 0.01000000 0.00800000
v 0.00800000 0.01000000 0.00800000
v 0.00800000 0.01069459 0.00406077
v 0.00800000 0.01000000 0.00400000
v 0.00800000 0.01000000 0.00800000
v 0.00800000 0.01000000 0.00400000
v 0.00800000 0.00930541 0.00406077
v 0.00800000 0.01306418 0.00542885
v 0.00800000 0.01257115 0.00493582
v 0.00800000 0.01000000 0.00800000
v 0.00800000 0.01000000 0.00800000
v 0.00800000 0.01257115 0.00493582
v 0.00800000 0.01200000 0.00453590
v 0.00800000 0.01000000 0.00800000
v 0.00800000 0.01200000 0.00453590
v 0.00800000 0.01136808 0.00424123
v 0.00800000 0.01393923 0.00730541
v 0.00800000 0.01375877 0.00663192
v 0.00800000 0.01000000 0.00800000
v 0.00800000 0.01000000 0.00800000
v 0.00800000 0.01375877 0.00663192
v 0.00800000 0.01346411 0.00600000
v 0.00800000 0.01000000 0.00800000
v 0.00800000 0.01346411 0.00600000
v 0.00800000 0.01306418 0.00542885
v 0.00800000 0.00600000 0.03200000
v 0.00000000 0.00600000 0.03200000
v 0.00800000 0.00606077 0.03269459
v 0.00800000 0.00606077 0.03269459
v 0.00000000 0.00600000 0.03200000
v 0.00000000 0.00606077 0.03269459
v 0.00800000 0.00606077 0.03269459
v 0.00000000 0.00606077 0.03269459
v 0.00800000 0.00624123 0.03336808
v 0.00800000 0.00624123 0.03336808
v 0.00000000 0.00606077 0.03269459
v 0.00000000 0.00624123 0.03336808
v 0.00800000 0.00624123 0.03336808
v 0.00000000 0.00624123 0.03336808
v 0.00800000 0.00653590 0.03400000
v 0.00800000 0.00653590 0.03400000
v 0.00000000 0.00624123 0.03336808
v 0.00000000 0.00653590 0.03400000
v 0.00800000 0.00653590 0.03400000
v 0.00000000 0.00653590 0.03400000
v 0.00800000 0.00693582 0.03457115
v 0.00800000 0.00693582 0.03457115
v 0.00000000 0.00653590 0.03400000
v 0.00000000 0.00693582 0.03457115
v 0.00800000 0.00693582 0.03457115
v 0.00000000 0.00693582 0.03457115
v 0.00800000 0.00742885 0.03506418
v 0.00800000 0.00742885 0.03506418
v 0.00000000 0.00693582 0.03457115
v 0.00000000 0.00742885 0.03506418
v 0.00800000 0.00742885 0.03506418
v 0.00000000 0.00742885 0.03506418
v 0.00800000 0.00800000 0.03546410
v 0.00800000 0.00800000 0.03546410
v 0.00000000 0.00742885 0.03506418
v 0.00000000 0.00800000 0.03546410
v 0.00800000 0.00800000 0.03546410
v 0.00000000 0.00800000 0.03546410
v 0.00800000 0.00863192 0.03575877
v 0.00800000 0.00863192 0.03575877
v 0.00000000 0.00800000 0.03546410
v 0.00000000 0.00863192 0.03575877
v 0.00800000 0.00863192 0.03575877
v 0.00000000 0.00863192 0.03575877
v 0.00800000 0.00930541 0.03593923
v 0.00800000 0.00930541 0.03593923
v 0.00000000 0.00863192 0.03575877
v 0.00000000 0.00930541 0.03593923
v 0.00800000 0.00930541 0.03593923
v 0.00000000 0.00930541 0.03593923
v 0.00800000 0.01000000 0.03600000
v 0.00800000 0.01000000 0.03600000
v 0.00000000 0.00930541 0.03593923
v 0.00000000 0.01000000 0.03600000
v 0.00800000 0.01000000 0.03600000
v 0.00000000 0.01000000 0.03600000
v 0.00800000 0.01069459 0.03593923
v 0.00800000 0.01069459 0.03593923
v 0.00000000 0.01000000 0.03600000
v 0.00000000 0.01069459 0.03593923
v 0.00800000 0.01069459 0.03593923
v 0.00000000 0.01069459 0.03593923
v 0.00800000 0.01136808 0.03575877
v 0.00800000 0.01136808 0.03575877
v 0.00000000 0.01069459 0.03593923
v 0.00000000 0.01136808 0.03575877
v 0.00800000 0.01136808 0.03575877
v 0.00000000 0.01136808 0.03575877
v 0.00800000 0.01200000 0.03546410
v 0.00800000 0.01200000 0.03546410
v 0.00000000 0.01136808 0.03575877
v 0.00000000 0.01200000 0.03546410
v 0.00800000 0.01200000 0.03546410
v 0.00000000 0.01200000 0.03546410
v 0.00800000 0.01257115 0.03506418
v 0.00800000 0.01257115 0.03506418
v 0.00000000 0.01200000 0.03546410
v 0.00000000 0.01257115 0.03506418
v 0.00800000 0.01257115 0.03506418
v 0.00000000 0.01257115 0.03506418
v 0.00800000 0.01306418 0.03457115
v 0.00800000 0.01306418 0.03457115
v 0.00000000 0.01257115 0.03506418
v 0.00000000 0.01306418 0.03457115
v 0.00800000 0.01306418 0.03457115
v 0.00000000 0.01306418 0.03457115
v 0.00800000 0.01346411 0.03400000
v 0.00800000 0.01346411 0.03400000
v 0.00000000 0.01306418 0.03457115
v 0.00000000 0.01346411 0.03400000
v 0.00800000 0.01346411 0.03400000
v 0.00000000 0.01346411 0.03400000
v 0.00800000 0.01375877 0.03336808
v 0.00800000 0.01375877 0.03336808
v 0.00000000 0.01346411 0.03400000
v 0.00000000 0.01375877 0.03336808
v 0.00800000 0.01375877 0.03336808
v 0.00000000 0.01375877 0.03336808
v 0.00800000 0.01393923 0.03269459
v 0.00800000 0.01393923 0.03269459
v 0.00000000 0.01375877 0.03336808
v 0.00000000 0.01393923 0.03269459
v 0.00800000 0.01393923 0.03269459
v 0.00000000 0.01393923 0.03269459
v 0.00800000 0.01400000 0.03200000
v 0.00800000 0.01400000 0.03200000
v 0.00000000 0.01393923 0.03269459
v 0.00000000 0.01400000 0.03200000
v 0.00800000 0.01400000 0.03200000
v 0.00000000 0.01400000 0.03200000
v 0.00800000 0.01393923 0.03130541
v 0.00800000 0.01393923 0.03130541
v 0.00000000 0.01400000 0.03200000
v 0.00000000 0.01393923 0.03130541
v 0.00800000 0.01393923 0.03130541
v 0.00000000 0.01393923 0.03130541
v 0.00800000 0.01375877 0.03063192
v 0.00800000 0.01375877 0.03063192
v 0.00000000 0.01393923 0.03130541
v 0.00000000 0.01375877 0.03063192
v 0.00800000 0.01375877 0.03063192
v 0.00000000 0.01375877 0.03063192
v 0.00800000 0.01346411 0.03000000
v 0.00800000 0.01346411 0.03000000
v 0.00000000 0.01375877 0.03063192
v 0.00000000 0.01346411 0.03000000
v 0.00800000 0.01346411 0.03000000
v 0.00000000 0.01346411 0.03000000
v 0.00800000 0.01306418 0.02942885
v 0.00800000 0.01306418 0.02942885
v 0.00000000 0.01346411 0.03000000
v 0.00000000 0.01306418 0.02942885
v 0.00800000 0.01306418 0.02942885
v 0.00000000 0.01306418 0.02942885
v 0.00800000 0.01257115 0.02893582
v 0.00800000 0.01257115 0.02893582
v 0.00000000 0.01306418 0.02942885
v 0.00000000 0.01257115 0.02893582
v 0.00800000 0.01257115 0.02893582
v 0.00000000 0.01257115 0.02893582
v 0.00800000 0.01200000 0.02853590
v 0.00800000 0.01200000 0.02853590
v 0.00000000 0.01257115 0.02893582
v 0.00000000 0.01200000 0.02853590
v 0.00800000 0.01200000 0.02853590
v 0.00000000 0.01200000 0.02853590
v 0.00800000 0.01136808 0.02824123
v 0.00800000 0.01136808 0.02824123
v 0.00000000 0.01200000 0.02853590
v 0.00000000 0.01136808 0.02824123
v 0.00800000 0.01136808 0.02824123
v 0.00000000 0.01136808 0.02824123
v 0.00800000 0.01069459 0.02806077
v 0.00800000 0.01069459 0.02806077
v 0.00000000 0.01136808 0.02824123
v 0.00000000 0.01069459 0.02806077
v 0.00800000 0.01069459 0.02806077
v 0.00000000 0.01069459 0.02806077
v 0.00800000 0.01000000 0.02800000
v 0.00800000 0.01000000 0.02800000
v 0.00000000 0.01069459 0.02806077
v 0.00000000 0.01000000 0.02800000
v 0.00800000 0.01000000 0.02800000
v 0.00000000 0.01000000 0.02800000
v 0.00800000 0.00930541 0.02806077
v 0.00800000 0.00930541 0.02806077
v 0.00000000 0.01000000 0.02800000
v 0.00000000 0.00930541 0.02806077
v 0.00800000 0.00930541 0.02806077
v 0.00000000 0.00930541 0.02806077
v 0.00800000 0.00863192 0.02824123
v 0.00800000 0.00863192 0.02824123
v 0.00000000 0.00930541 0.02806077
v 0.00000000 0.00863192 0.02824123
v 0.00800000 0.00863192 0.02824123
v 0.00000000 0.00863192 0.02824123
v 0.00800000 0.00800000 0.02853590
v 0.00800000 0.00800000 0.02853590
v 0.00000000 0.00863192 0.02824123
v 0.00000000 0.00800000 0.02853590
v 0.00800000 0.00800000 0.02853590
v 0.00000000 0.00800000 0.02853590
v 0.00800000 0.00742885 0.02893582
v 0.00800000 0.00742885 0.02893582
v 0.00000000 0.00800000 0.02853590
v 0.00000000 0.00742885 0.02893582
v 0.00800000 0.00742885 0.02893582
v 0.00000000 0.00742885 0.02893582
v 0.00800000 0.00693582 0.02942885
v 0.00800000 0.00693582 0.02942885
v 0.00000000 0.00742885 0.02893582
v 0.00000000 0.00693582 0.02942885
v 0.00800000 0.00693582 0.02942885
v 0.00000000 0.00693582 0.02942885
v 0.00800000 0.00653590 0.03000000
v 0.00800000 0.00653590 0.03000000
v 0.00000000 0.00693582 0.02942885
v 0.00000000 0.00653590 0.03000000
v 0.00800000 0.00653590 0.03000000
v 0.00000000 0.00653590 0.03000000
v 0.00800000 0.00624123 0.03063192
v 0.00800000 0.00624123 0.03063192
v 0.00000000 0.00653590 0.03000000
v 0.00000000 0.00624123 0.03063192
v 0.00800000 0.00624123 0.03063192
v 0.00000000 0.00624123 0.03063192
v 0.00800000 0.00606077 0.03130541
v 0.00800000 0.00606077 0.03130541
v 0.00000000 0.00624123 0.03063192
v 0.00000000 0.00606077 0.03130541
v 0.00800000 0.00606077 0.03130541
v 0.00000000 0.00606077 0.03130541
v 0.00800000 0.00600000 0.03200000
v 0.00800000 0.00600000 0.03200000
v 0.00000000 0.00606077 0.03130541
v 0.00000000 0.00600000 0.03200000
v 0.00800000 0.01375877 0.03336808
v 0.00800000 0.01393923 0.03269459
v 0.00800000 0.01000000 0.03200000
v 0.00800000 0.01000000 0.03200000
v 0.00800000 0.01393923 0.03269459
v 0.00800000 0.01400000 0.03200000
v 0.00800000 0.01000000 0.03200000
v 0.00800000 0.01400000 0.03200000
v 0.00800000 0.01393923 0.03130541
v 0.00800000 0.01257115 0.03506418
v 0.00800000 0.01306418 0.03457115
v 0.00800000 0.01000000 0.03200000
v 0.00800000 0.01000000 0.03200000
v 0.00800000 0.01306418 0.03457115
v 0.00800000 0.01346411 0.03400000
v 0.00800000 0.01000000 0.03200000
v 0.00800000 0.01346411 0.03400000
v 0.00800000 0.01375877 0.03336808
v 0.00800000 0.01069459 0.03593923
v 0.00800000 0.01136808 0.03575877
v 0.00800000 0.01000000 0.03200000
v 0.00800000 0.01000000 0.03200000
v 0.00800000 0.01136808 0.03575877
v 0.00800000 0.01200000 0.03546410
v 0.00800000 0.01000000 0.03200000
v 0.00800000 0.01200000 0.03546410
v 0.00800000 0.01257115 0.03506418
v 0.00800000 0.00863192 0.03575877
v 0.00800000 0.00930541 0.03593923
v 0.00800000 0.01000000 0.03200000
v 0.00800000 0.01000000 0.03200000
v 0.00800000 0.00930541 0.03593923
v 0.00800000 0.01000000 0.03600000
v 0.00800000 0.01000000 0.03200000
v 0.00800000 0.01000000 0.03600000
v 0.00800000 0.01069459 0.03593923
v 0.00800000 0.00693582 0.03457115
v 0.00800000 0.00742885 0.03506418
v 0.00800000 0.01000000 0.03200000
v 0.00800000 0.01000000 0.03200000
v 0.00800000 0.00742885 0.03506418
v 0.00800000 0.00800000 0.03546410
v 0.00800000 0.01000000 0.03200000
v 0.00800000 0.00800000 0.03546410
v 0.00800000 0.00863192 0.03575877
v 0.00800000 0.00606077 0.03269459
v 0.00800000 0.00624123 0.03336808
v 0.00800000 0.01000000 0.03200000
v 0.00800000 0.01000000 0.03200000
v 0.00800000 0.00624123 0.03336808
v 0.00800000 0.00653590 0.03400000
v 0.00800000 0.01000000 0.03200000
v 0.00800000 0.00653590 0.03400000
v 0.00800000 0.00693582 0.03457115
v 0.00800000 0.00624123 0.03063192
v 0.00800000 0.00606077 0.03130541
v 0.00800000 0.01000000 0.03200000
v 0.00800000 0.01000000 0.03200000
v 0.00800000 0.00606077 0.03130541
v 0.00800000 0.00600000 0.03200000
v 0.00800000 0.01000000 0.03200000
v 0.00800000 0.00600000 0.03200000
v 0.00800000 0.00606077 0.03269459
v 0.00800000 0.00742885 0.02893582
v 0.00800000 0.00693582 0.02942885
v 0.00800000 0.01000000 0.03200000
v 0.00800000 0.01000000 0.03200000
v 0.00800000 0.00693582 0.02942885
v 0.00800000 0.00653590 0.03000000
v 0.00800000 0.01000000 0.03200000
v 0.00800000 0.00653590 0.03000000
v 0.00800000 0.00624123 0.03063192
v 0.00800000 0.00930541 0.02806077
v 0.00800000 0.00863192 0.02824123
v 0.00800000 0.01000000 0.03200000
v 0.00800000 0.01000000 0.03200000
v 0.00800000 0.00863192 0.02824123
v 0.00800000 0.00800000 0.02853590
v 0.00800000 0.01000000 0.03200000
v 0.00800000 0.00800000 0.02853590
v 0.00800000 0.00742885 0.02893582
v 0.00800000 0.01136808 0.02824123
v 0.00800000 0.01069459 0.02806077
v 0.00800000 0.01000000 0.03200000
v 0.00800000 0.01000000 0.03200000
v 0.00800000 0.01069459 0.02806077
v 0.00800000 0.01000000 0.02800000
v 0.00800000 0.01000000 0.03200000
v 0.00800000 0.01000000 0.02800000
v 0.00800000 0.00930541 0.02806077
v 0.00800000 0.01306418 0.02942885
v 0.00800000 0.01257115 0.02893582
v 0.00800000 0.01000000 0.03200000
v 0.00800000 0.01000000 0.03200000
v 0.00800000 0.01257115 0.02893582
v 0.00800000 0.01200000 0.02853590
v 0.00800000 0.01000000 0.03200000
v 0.00800000 0.01200000 0.02853590
v 0.00800000 0.01136808 0.02824123
v 0.00800000 0.01393923 0.03130541
v 0.00800000 0.01375877 0.03063192
v 0.00800000 0.01000000 0.03200000
v 0.00800000 0.01000000 0.03200000
v 0.00800000 0.01375877 0.03063192
v 0.00800000 0.01346411 0.03000000
v 0.00800000 0.01000000 0.03200000
v 0.00800000 0.01346411 0.03000000
v 0.00800000 0.01306418 0.02942885
v 0.00600000 0.04300000 0.00000000
v 0.00600000 0.04300000 0.04000000
v 0.00621388 0.03973685 0.00000000
v 0.00621388 0.03973685 0.00000000
v 0.00600000 0.04300000 0.04000000
v 0.00621387 0.03973685 0.04000000
v 0.00621388 0.03973685 0.00000000
v 0.00621387 0.03973685 0.04000000
v 0.00685185 0.03652952 0.00000000
v 0.00685185 0.03652952 0.00000000
v 0.00621387 0.03973685 0.04000000
v 0.00685185 0.03652952 0.04000000
v 0.00685185 0.03652952 0.00000000
v 0.00685185 0.03652952 0.04000000
v 0.00790301 0.03343291 0.00000000
v 0.00790301 0.03343291 0.00000000
v 0.00685185 0.03652952 0.04000000
v 0.00790301 0.03343291 0.04000000
v 0.00790301 0.03343291 0.00000000
v 0.00790301 0.03343291 0.04000000
v 0.00934937 0.03050000 0.00000000
v 0.00934937 0.03050000 0.00000000
v 0.00790301 0.03343291 0.04000000
v 0.00934936 0.03050000 0.04000000
v 0.00934937 0.03050000 0.00000000
v 0.00934936 0.03050000 0.04000000
v 0.01116617 0.02778097 0.00000000
v 0.01116617 0.02778097 0.00000000
v 0.00934936 0.03050000 0.04000000
v 0.01116617 0.02778097 0.04000000
v 0.01116617 0.02778097 0.00000000
v 0.01116617 0.02778097 0.04000000
v 0.01332233 0.02532233 0.00000000
v 0.01332233 0.02532233 0.00000000
v 0.01116617 0.02778097 0.04000000
v 0.01332233 0.02532233 0.04000000
v 0.01332233 0.02532233 0.00000000
v 0.01332233 0.02532233 0.04000000
v 0.01578096 0.02316617 0.00000000
v 0.01578096 0.02316617 0.00000000
v 0.01332233 0.02532233 0.04000000
v 0.01578096 0.02316617 0.04000000
v 0.01578096 0.02316617 0.00000000
v 0.01578096 0.02316617 0.04000000
v 0.01850000 0.02134937 0.00000000
v 0.01850000 0.02134937 0.00000000
v 0.01578096 0.02316617 0.04000000
v 0.01850000 0.02134937 0.04000000
v 0.01850000 0.02134937 0.00000000
v 0.01850000 0.02134937 0.04000000
v 0.02143291 0.01990301 0.00000000
v 0.02143291 0.01990301 0.00000000
v 0.01850000 0.02134937 0.04000000
v 0.02143291 0.01990301 0.04000000
v 0.02143291 0.01990301 0.00000000
v 0.02143291 0.01990301 0.04000000
v 0.02452952 0.01885185 0.00000000
v 0.02452952 0.01885185 0.00000000
v 0.02143291 0.01990301 0.04000000
v 0.02452952 0.01885185 0.04000000
v 0.02452952 0.01885185 0.00000000
v 0.02452952 0.01885185 0.04000000
v 0.02773684 0.01821388 0.00000000
v 0.02773684 0.01821388 0.00000000
v 0.02452952 0.01885185 0.04000000
v 0.02773684 0.01821388 0.04000000
v 0.02773684 0.01821388 0.00000000
v 0.02773684 0.01821388 0.04000000
v 0.03100000 0.01800000 0.00000000
v 0.03100000 0.01800000 0.00000000
v 0.02773684 0.01821388 0.04000000
v 0.03100000 0.01800000 0.04000000
v 0.03100000 0.01800000 0.00000000
v 0.03100000 0.01800000 0.04000000
v 0.03426316 0.01821389 0.00000000
v 0.03426316 0.01821389 0.00000000
v 0.03100000 0.01800000 0.04000000
v 0.03426316 0.01821389 0.04000000
v 0.03426316 0.01821389 0.00000000
v 0.03426316 0.01821389 0.04000000
v 0.03747047 0.01885186 0.00000000
v 0.03747047 0.01885186 0.00000000
v 0.03426316 0.01821389 0.04000000
v 0.03747047 0.01885186 0.04000000
v 0.03747047 0.01885186 0.00000000
v 0.03747047 0.01885186 0.04000000
v 0.04056709 0.01990301 0.00000000
v 0.04056709 0.01990301 0.00000000
v 0.03747047 0.01885186 0.04000000
v 0.04056709 0.01990301 0.04000000
v 0.04056709 0.01990301 0.00000000
v 0.04056709 0.01990301 0.04000000
v 0.04350000 0.02134938 0.00000000
v 0.04350000 0.02134938 0.00000000
v 0.04056709 0.01990301 0.04000000
v 0.04350000 0.02134938 0.04000000
v 0.04350000 0.02134938 0.00000000
v 0.04350000 0.02134938 0.04000000
v 0.04621904 0.02316618 0.00000000
v 0.04621904 0.02316618 0.00000000
v 0.04350000 0.02134938 0.04000000
v 0.04621904 0.02316618 0.04000000
v 0.04621904 0.02316618 0.00000000
v 0.04621904 0.02316618 0.04000000
v 0.04867767 0.02532234 0.00000000
v 0.04867767 0.02532234 0.00000000
v 0.04621904 0.02316618 0.04000000
v 0.04867767 0.02532234 0.04000000
v 0.04867767 0.02532234 0.00000000
v 0.04867767 0.02532234 0.04000000
v 0.05083383 0.02778098 0.00000000
v 0.05083383 0.02778098 0.00000000
v 0.04867767 0.02532234 0.04000000
v 0.05083383 0.02778098 0.04000000
v 0.05083383 0.02778098 0.00000000
v 0.05083383 0.02778098 0.04000000
v 0.05265063 0.03050001 0.00000000
v 0.05265063 0.03050001 0.00000000
v 0.05083383 0.02778098 0.04000000
v 0.05265063 0.03050001 0.04000000
v 0.05265063 0.03050001 0.00000000
v 0.05265063 0.03050001 0.04000000
v 0.05409699 0.03343292 0.00000000
v 0.05409699 0.03343292 0.00000000
v 0.05265063 0.03050001 0.04000000
v 0.05409699 0.03343292 0.04000000
v 0.05409699 0.03343292 0.00000000
v 0.05409699 0.03343292 0.04000000
v 0.05514815 0.03652953 0.00000000
v 0.05514815 0.03652953 0.00000000
v 0.05409699 0.03343292 0.04000000
v 0.05514815 0.03652953 0.04000000
v 0.05514815 0.03652953 0.00000000
v 0.05514815 0.03652953 0.04000000
v 0.05578612 0.03973686 0.00000000
v 0.05578612 0.03973686 0.00000000
v 0.05514815 0.03652953 0.04000000
v 0.05578612 0.03973686 0.04000000
v 0.05578612 0.03973686 0.00000000
v 0.05578612 0.03973686 0.04000000
v 0.05600000 0.04300001 0.00000000
v 0.05600000 0.04300001 0.00000000
v 0.05578612 0.03973686 0.04000000
v 0.05600000 0.04300001 0.04000000
v 0.05600000 0.04300001 0.00000000
v 0.05600000 0.04300001 0.04000000
v 0.05578612 0.04626317 0.00000000
v 0.05578612 0.04626317 0.00000000
v 0.05600000 0.04300001 0.04000000
v 0.05578612 0.04626317 0.04000000
v 0.05578612 0.04626317 0.00000000
v 0.05578612 0.04626317 0.04000000
v 0.05514815 0.04947049 0.00000000
v 0.05514815 0.04947049 0.00000000
v 0.05578612 0.04626317 0.04000000
v 0.05514815 0.04947049 0.04000000
v 0.05514815 0.04947049 0.00000000
v 0.05514815 0.04947049 0.04000000
v 0.05409698 0.05256709 0.00000000
v 0.05409698 0.05256709 0.00000000
v 0.05514815 0.04947049 0.04000000
v 0.05409698 0.05256709 0.04000000
v 0.05409698 0.05256709 0.00000000
v 0.05409698 0.05256709 0.04000000
v 0.05265063 0.05550000 0.00000000
v 0.05265063 0.05550000 0.00000000
v 0.05409698 0.05256709 0.04000000
v 0.05265063 0.05550000 0.04000000
v 0.05265063 0.05550000 0.00000000
v 0.05265063 0.05550000 0.04000000
v 0.05083383 0.05821904 0.00000000
v 0.05083383 0.05821904 0.00000000
v 0.05265063 0.05550000 0.04000000
v 0.05083383 0.05821904 0.04000000
v 0.05083383 0.05821904 0.00000000
v 0.05083383 0.05821904 0.04000000
v 0.04867767 0.06067768 0.00000000
v 0.04867767 0.06067768 0.00000000
v 0.05083383 0.05821904 0.04000000
v 0.04867767 0.06067768 0.04000000
v 0.04867767 0.06067768 0.00000000
v 0.04867767 0.06067768 0.04000000
v 0.04621904 0.06283384 0.00000000
v 0.04621904 0.06283384 0.00000000
v 0.04867767 0.06067768 0.04000000
v 0.04621904 0.06283384 0.04000000
v 0.04621904 0.06283384 0.00000000
v 0.04621904 0.06283384 0.04000000
v 0.04350000 0.06465064 0.00000000
v 0.04350000 0.06465064 0.00000000
v 0.04621904 0.06283384 0.04000000
v 0.04350000 0.06465064 0.04000000
v 0.04350000 0.06465064 0.00000000
v 0.04350000 0.06465064 0.04000000
v 0.04056708 0.06609699 0.00000000
v 0.04056708 0.06609699 0.00000000
v 0.04350000 0.06465064 0.04000000
v 0.04056708 0.06609699 0.04000000
v 0.04056708 0.06609699 0.00000000
v 0.04056708 0.06609699 0.04000000
v 0.03747046 0.06714815 0.00000000
v 0.03747046 0.06714815 0.00000000
v 0.04056708 0.06609699 0.04000000
v 0.03747046 0.06714815 0.04000000
v 0.03747046 0.06714815 0.00000000
v 0.03747046 0.06714815 0.04000000
v 0.03426315 0.06778612 0.00000000
v 0.03426315 0.06778612 0.00000000
v 0.03747046 0.06714815 0.04000000
v 0.03426315 0.06778612 0.04000000
v 0.03426315 0.06778612 0.00000000
v 0.03426315 0.06778612 0.04000000
v 0.03099999 0.06800000 0.00000000
v 0.03099999 0.06800000 0.00000000
v 0.03426315 0.06778612 0.04000000
v 0.03099999 0.06800000 0.04000000
v 0.03099999 0.06800000 0.00000000
v 0.03099999 0.06800000 0.04000000
v 0.02773683 0.06778612 0.00000000
v 0.02773683 0.06778612 0.00000000
v 0.03099999 0.06800000 0.04000000
v 0.02773683 0.06778612 0.04000000
v 0.02773683 0.06778612 0.00000000
v 0.02773683 0.06778612 0.04000000
v 0.02452951 0.06714815 0.00000000
v 0.02452951 0.06714815 0.00000000
v 0.02773683 0.06778612 0.04000000
v 0.02452951 0.06714815 0.04000000
v 0.02452951 0.06714815 0.00000000
v 0.02452951 0.06714815 0.04000000
v 0.02143291 0.06609699 0.00000000
v 0.02143291 0.06609699 0.00000000
v 0.02452951 0.06714815 0.04000000
v 0.02143290 0.06609699 0.04000000
v 0.02143291 0.06609699 0.00000000
v 0.02143290 0.06609699 0.04000000
v 0.01849999 0.06465064 0.00000000
v 0.01849999 0.06465064 0.00000000
v 0.02143290 0.06609699 0.04000000
v 0.01849999 0.06465064 0.04000000
v 0.01849999 0.06465064 0.00000000
v 0.01849999 0.06465064 0.04000000
v 0.01578096 0.06283383 0.00000000
v 0.01578096 0.06283383 0.00000000
v 0.01849999 0.06465064 0.04000000
v 0.01578095 0.06283383 0.04000000
v 0.01578096 0.06283383 0.00000000
v 0.01578095 0.06283383 0.04000000
v 0.01332233 0.06067767 0.00000000
v 0.01332233 0.06067767 0.00000000
v 0.01578095 0.06283383 0.04000000
v 0.01332232 0.06067767 0.04000000
v 0.01332233 0.06067767 0.00000000
v 0.01332232 0.06067767 0.04000000
v 0.01116617 0.05821904 0.00000000
v 0.01116617 0.05821904 0.00000000
v 0.01332232 0.06067767 0.04000000
v 0.01116616 0.05821904 0.04000000
v 0.01116617 0.05821904 0.00000000
v 0.01116616 0.05821904 0.04000000
v 0.00934936 0.05550000 0.00000000
v 0.00934936 0.05550000 0.00000000
v 0.01116616 0.05821904 0.04000000
v 0.00934936 0.05550000 0.04000000
v 0.00934936 0.05550000 0.00000000
v 0.00934936 0.05550000 0.04000000
v 0.00790301 0.05256708 0.00000000
v 0.00790301 0.05256708 0.00000000
v 0.00934936 0.05550000 0.04000000
v 0.00790301 0.05256708 0.04000000
v 0.00790301 0.05256708 0.00000000
v 0.00790301 0.05256708 0.04000000
v 0.00685185 0.04947048 0.00000000
v 0.00685185 0.04947048 0.00000000
v 0.00790301 0.05256708 0.04000000
v 0.00685185 0.04947048 0.04000000
v 0.00685185 0.04947048 0.00000000
v 0.00685185 0.04947048 0.04000000
v 0.00621388 0.04626316 0.00000000
v 0.00621388 0.04626316 0.00000000
v 0.00685185 0.04947048 0.04000000
v 0.00621387 0.04626316 0.04000000
v 0.00621388 0.04626316 0.00000000
v 0.00621387 0.04626316 0.04000000
v 0.00600000 0.04300000 0.00000000
v 0.00600000 0.04300000 0.00000000
v 0.00621387 0.04626316 0.04000000
v 0.00600000 0.04300000 0.04000000
f 1 2 3
f 4 5 6
f 7 8 9
f 10 11 12
f 13 14 15
f 16 17 18
f 19 20 21
f 22 23 24
f 25 26 27
f 28 29 30
f 31 32 33
f 34 35 36
f 37 38 39
f 40 41 42
f 43 44 45
f 46 47 48
f 49 50 51
f 52 53 54
f 55 56 57
f 58 59 60
f 61 62 63
f 64 65 66
f 67 68 69
f 70 71 72
f 73 74 75
f 76 77 78
f 79 80 81
f 82 83 84
f 85 86 87
f 88 89 90
f 91 92 93
f 94 95 96
f 97 98 99
f 100 101 102
f 103 104 105
f 106 107 108
f 109 110 111
f 112 113 114
f 115 116 117
f 118 119 120
f 121 122 123
f 124 125 126
f 127 128 129
f 130 131 132
f 133 134 135
f 136 137 138
f 139 140 141
f 142 143 144
f 145 146 147
f 148 149 150
f 151 152 153
f 154 155 156
f 157 158 159
f 160 161 162
f 163 164 165
f 166 167 168
f 169 170 171
f 172 173 174
f 175 176 177
f 178 179 180
f 181 182 183
f 184 185 186
f 187 188 189
f 190 191 192
f 193 194 195
f 196 197 198
f 199 200 201
f 202 203 204
f 205 206 207
f 208 209 210
f 211 212 213
f 214 215 216
f 217 218 219
f 220 221 222
f 223 224 225
f 226 227 228
f 229 230 231
f 232 233 234
f 235 236 237
f 238 239 240
f 241 242 243
f 244 245 246
f 247 248 249
f 250 251 252
f 253 254 255
f 256 257 258
f 259 260 261
f 262 263 264
f 265 266 267
f 268 269 270
f 271 272 273
f 274 275 276
f 277 278 279
f 280 281 282
f 283 284 285
f 286 287 288
f 289 290 291
f 292 293 294
f 295 296 297
f 298 299 300
f 301 302 303
f 304 305 306
f 307 308 309
f 310 311 312
f 313 314 315
f 316 317 318
f 319 320 321
f 322 323 324
f 325 326 327
f 328 329 330
f 331 332 333
f 334 335 336
f 337 338 339
f 340 341 342
f 343 344 345
f 346 347 348
f 349 350 351
f 352 353 354
f 355 356 357
f 358 359 360
f 361 362 363
f 364 365 366
f 367 368 369
f 370 371 372
f 373 374 375
f 376 377 378
f 379 380 381
f 382 383 384
f 385 386 387
f 388 389 390
f 391 392 393
f 394 395 396
f 397 398 399
f 400 401 402
f 403 404 405
f 406 407 408
f 409 410 411
f 412 413 414
f 415 416 417
f 418 419 420
f 421 422 423
f 424 425 426
f 427 428 429
f 430 431 432
f 433 434 435
f 436 437 438
f 439 440 441
f 442 443 444
f 445 446 447
f 448 449 450
f 451 452 453
f 454 455 456
f 457 458 459
f 460 461 462
f 463 464 465
f 466 467 468
f 469 470 471
f 472 473 474
f 475 476 477
f 478 479 480
f 481 482 483
f 484 485 486
f 487 488 489
f 490 491 492
f 493 494 495
f 496 497 498
f 499 500 501
f 502 503 504
f 505 506 507
f 508 509 510
f 511 512 513
f 514 515 516
f 517 518 519
f 520 521 522
f 523 524 525
f 526 527 528
f 529 530 531
f 532 533 534
f 535 536 537
f 538 539 540
f 541 542 543
f 544 545 546
f 547 548 549
f 550 551 552
f 553 554 555
f 556 557 558
f 559 560 561
f 562 563 564
f 565 566 567
f 568 569 570
f 571 572 573
f 574 575 576
f 577 578 579
f 580 581 582
f 583 584 585
f 586 587 588
f 589 590 591
f 592 593 594
f 595 596 597
f 598 599 600
f 601 602 603
f 604 605 606
f 607 608 609
f 610 611 612
f 613 614 615
f 616 617 618
f 619 620 621
f 622 623 624
f 625 626 627
f 628 629 630
f 631 632 633
f 634 635 636
f 637 638 639
f 640 641 642
f 643 644 645
f 646 647 648
f 649 650 651
f 652 653 654
f 655 656 657
f 658 659 660
f 661 662 663
f 664 665 666
f 667 668 669
f 670 671 672
f 673 674 675
f 676 677 678
f 679 680 681
f 682 683 684
f 685 686 687
f 688 689 690
f 691 692 693
f 694 695 696
f 697 698 699
f 700 701 702
f 703 704 705
f 706 707 708
f 709 710 711
f 712 713 714
f 715 716 717
f 718 719 720
f 721 722 723
f 724 725 726
f 727 728 729
f 730 731 732
f 733 734 735
f 736 737 738
f 739 740 741
f 742 743 744
f 745 746 747
f 748 749 750
f 751 752 753
f 754 755 756
f 757 758 759
f 760 761 762
f 763 764 765
f 766 767 768
f 769 770 771
f 772 773 774
f 775 776 777
f 778 779 780
f 781 782 783
f 784 785 786
f 787 788 789
f 790 791 792
f 793 794 795
f 796 797 798
f 799 800 801
f 802 803 804
f 805 806 807
f 808 809 810
f 811 812 813
f 814 815 816
f 817 818 819
f 820 821 822
f 823 824 825
f 826 827 828
f 829 830 831
f 832 833 834
f 835 836 837
f 838 839 840
f 841 842 843
f 844 845 846
f 847 848 849
f 850 851 852
f 853 854 855
f 856 857 858
f 859 860 861
f 862 863 864
f 865 866 867
f 868 869 870
f 871 872 873
f 874 875 876
f 877 878 879
f 880 881 882
f 883 884 885
f 886 887 888
f 889 890 891
f 892 893 894
f 895 896 897
f 898 899 900
f 901 902 903
f 904 905 906
f 907 908 909
f 910 911 912
f 913 914 915
f 916 917 918
f 919 920 921
f 922 923 924
f 925 926 927
f 928 929 930
f 931 932 933
f 934 935 936
f 937 938 939
f 940 941 942
f 943 944 945
f 946 947 948
f 949 950 951
f 952 953 954
f 955 956 957
f 958 959 960
f 961 962 963
f 964 965 966
f 967 968 969
f 970 971 972
f 973 974 975
f 976 977 978
f 979 980 981
f 982 983 984
f 985 986 987
f 988 989 990
f 991 992 993
f 994 995 996
f 997 998 999
f 1000 1001 1002
f 1003 1004 1005
f 1006 1007 1008
f 1009 1010 1011
f 1012 1013 1014
f 1015 1016 1017
f 1018 1019 1020
f 1021 1022 1023
f 1024 1025 1026
f 1027 1028 1029
f 1030 1031 1032
f 1033 1034 1035
f 1036 1037 1038
f 1039 1040 1041
f 1042 1043 1044
f 1045 1046 1047
f 1048 1049 1050
f 1051 1052 1053
f 1054 1055 1056
f 1057 1058 1059
f 1060 1061 1062
f 1063 1064 1065
f 1066 1067 1068
f 1069 1070 1071
f 1072 1073 1074
f 1075 1076 1077
f 1078 1079 1080
f 1081 1082 1083
f 1084 1085 1086
f 1087 1088 1089
f 1090 1091 1092
f 1093 1094 1095
f 1096 1097 1098
f 1099 1100 1101
f 1102 1103 1104
f 1105 1106 1107
f 1108 1109 1110
f 1111 1112 1113
f 1114 1115 1116
f 1117 1118 1119
f 1120 1121 1122
f 1123 1124 1125
f 1126 1127 1128
f 1129 1130 1131
f 1132 1133 1134
f 1135 1136 1137
f 1138 1139 1140
f 1141 1142 1143
f 1144 1145 1146
f 1147 1148 1149
f 1150 1151 1152
f 1153 1154 1155
f 1156 1157 1158
f 1159 1160 1161
f 1162 1163 1164
f 1165 1166 1167
f 1168 1169 1170
f 1171 1172 1173
f 1174 1175 1176
f 1177 1178 1179
f 1180 1181 1182
f 1183 1184 1185
f 1186 1187 1188
f 1189 1190 1191
f 1192 1193 1194
f 1195 1196 1197
f 1198 1199 1200
f 1201 1202 1203
f 1204 1205 1206
f 1207 1208 1209
f 1210 1211 1212
f 1213 1214 1215
f 1216 1217 1218
f 1219 1220 1221
f 1222 1223 1224
f 1225 1226 1227
f 1228 1229 1230
f 1231 1232 1233
f 1234 1235 1236
f 1237 1238 1239
f 1240 1241 1242
f 1243 1244 1245
f 1246 1247 1248
f 1249 1250 1251
f 1252 1253 1254
f 1255 1256 1257
f 1258 1259 1260
f 1261 1262 1263
f 1264 1265 1266
f 1267 1268 1269
f 1270 1271 1272
f 1273 1274 1275
f 1276 1277 1278
f 1279 1280 1281
f 1282 1283 1284
f 1285 1286 1287
f 1288 1289 1290
f 1291 1292 1293
f 1294 1295 1296
f 1297 1298 1299
f 1300 1301 1302
f 1303 1304 1305
f 1306 1307 1308
f 1309 1310 1311
f 1312 1313 1314
f 1315 1316 1317
f 1318 1319 1320
f 1321 1322 1323
f 1324 1325 1326
f 1327 1328 1329
f 1330 1331 1332
f 1333 1334 1335
f 1336 1337 1338
f 1339 1340 1341
f 1342 1343 1344
f 1345 1346 1347
f 1348 1349 1350
f 1351 1352 1353
f 1354 1355 1356
f 1357 1358 1359
f 1360 1361 1362
f 1363 1364 1365
f 1366 1367 1368
f 1369 1370 1371
f 1372 1373 1374
f 1375 1376 1377
f 1378 1379 1380
f 1381 1382 1383
f 1384 1385 1386
f 1387 1388 1389
f 1390 1391 1392
f 1393 1394 1395
f 1396 1397 1398
f 1399 1400 1401
f 1402 1403 1404
f 1405 1406 1407
f 1408 1409 1410
f 1411 1412 1413
f 1414 1415 1416
f 1417 1418 1419
f 1420 1421 1422
f 1423 1424 1425
f 1426 1427 1428
f 1429 1430 1431
f 1432 1433 1434
f 1435 1436 1437
f 1438 1439 1440
f 1441 1442 1443
f 1444 1445 1446
f 1447 1448 1449
f 1450 1451 1452
f 1453 1454 1455
f 1456 1457 1458
f 1459 1460 1461
f 1462 1463 1464
f 1465 1466 1467
f 1468 1469 1470
f 1471 1472 1473
f 1474 1475 1476
f 1477 1478 1479
f 1480 1481 1482
f 1483 1484 1485
f 1486 1487 1488
f 1489 1490 1491
f 1492 1493 1494
f 1495 1496 1497
f 1498 1499 1500
f 1501 1502 1503
f 1504 1505 1506
f 1507 1508 1509
f 1510 1511 1512
f 1513 1514 1515
f 1516 1517 1518
f 1519 1520 1521
f 1522 1523 1524
f 1525 1526 1527
f 1528 1529 1530
f 1531 1532 1533
f 1534 1535 1536
f 1537 1538 1539
f 1540 1541 1542
f 1543 1544 1545
f 1546 1547 1548
f 1549 1550 1551
f 1552 1553 1554
f 1555 1556 1557
f 1558 1559 1560
f 1561 1562 1563
f 1564 1565 1566
f 1567 1568 1569
f 1570 1571 1572
f 1573 1574 1575
f 1576 1577 1578
f 1579 1580 1581
f 1582 1583 1584
f 1585 1586 1587
f 1588 1589 1590
f 1591 1592 1593
f 1594 1595 1596
f 1597 1598 1599
f 1600 1601 1602
f 1603 1604 1605
f 1606 1607 1608
f 1609 1610 1611
f 1612 1613 1614
f 1615 1616 1617
f 1618 1619 1620
f 1621 1622 1623
f 1624 1625 1626
f 1627 1628 1629
f 1630 1631 1632
f 1633 1634 1635
f 1636 1637 1638
f 1639 1640 1641
f 1642 1643 1644
f 1645 1646 1647
f 1648 1649 1650
f 1651 1652 1653
f 1654 1655 1656
f 1657 1658 1659
f 1660 1661 1662
f 1663 1664 1665
f 1666 1667 1668
f 1669 1670 1671
f 1672 1673 1674
f 1675 1676 1677
f 1678 1679 1680
f 1681 1682 1683
f 1684 1685 1686
f 1687 1688 1689
f 1690 1691 1692
f 1693 1694 1695
f 1696 1697 1698
f 1699 1700 1701
f 1702 1703 1704
f 1705 1706 1707
f 1708 1709 1710
f 1711 1712 1713
f 1714 1715 1716
f 1717 1718 1719
f 1720 1721 1722
f 1723 1724 1725
f 1726 1727 1728
f 1729 1730 1731
f 1732 1733 1734
f 1735 1736 1737
f 1738 1739 1740
f 1741 1742 1743
f 1744 1745 1746
f 1747 1748 1749
f 1750 1751 1752
f 1753 1754 1755
f 1756 1757 1758
f 1759 1760 1761
f 1762 1763 1764
f 1765 1766 1767
f 1768 1769 1770
f 1771 1772 1773
f 1774 1775 1776
f 1777 1778 1779
f 1780 1781 1782
f 1783 1784 1785
f 1786 1787 1788
f 1789 1790 1791
f 1792 1793 1794
f 1795 1796 1797
f 1798 1799 1800
f 1801 1802 1803
f 1804 1805 1806
f 1807 1808 1809
f 1810 1811 1812
f 1813 1814 1815
f 1816 1817 1818
f 1819 1820 1821
f 1822 1823 1824
f 1825 1826 1827
f 1828 1829 1830
f 1831 1832 1833
f 1834 1835 1836
f 1837 1838 1839
f 1840 1841 1842
f 1843 1844 1845
f 1846 1847 1848
f 1849 1850 1851
f 1852 1853 1854
f 1855 1856 1857
f 1858 1859 1860
f 1861 1862 1863
f 1864 1865 1866
f 1867 1868 1869
f 1870 1871 1872
f 1873 1874 1875
f 1876 1877 1878
f 1879 1880 1881
f 1882 1883 1884
f 1885 1886 1887
f 1888 1889 1890
f 1891 1892 1893
f 1894 1895 1896
f 1897 1898 1899
f 1900 1901 1902
f 1903 1904 1905
f 1906 1907 1908
f 1909 1910 1911
f 1912 1913 1914
f 1915 1916 1917
f 1918 1919 1920
f 1921 1922 1923
f 1924 1925 1926
f 1927 1928 1929
f 1930 1931 1932
f 1933 1934 1935
f 1936 1937 1938
f 1939 1940 1941
f 1942 1943 1944
f 1945 1946 1947
f 1948 1949 1950
f 1951 1952 1953
f 1954 1955 1956
f 1957 1958 1959
f 1960 1961 1962
f 1963 1964 1965
f 1966 1967 1968
f 1969 1970 1971
f 1972 1973 1974
f 1975 1976 1977
f 1978 1979 1980
f 1981 1982 1983
f 1984 1985 1986
f 1987 1988 1989
f 1990 1991 1992
f 1993 1994 1995
f 1996 1997 1998
f 1999 2000 2001
f 2002 2003 2004
f 2005 2006 2007
f 2008 2009 2010
f 2011 2012 2013
f 2014 2015 2016
f 2017 2018 2019
f 2020 2021 2022
f 2023 2024 2025
f 2026 2027 2028
f 2029 2030 2031
f 2032 2033 2034
f 2035 2036 2037
f 2038 2039 2040
f 2041 2042 2043
f 2044 2045 2046
f 2047 2048 2049
f 2050 2051 2052
f 2053 2054 2055
f 2056 2057 2058
f 2059 2060 2061
f 2062 2063 2064
f 2065 2066 2067
f 2068 2069 2070
f 2071 2072 2073
f 2074 2075 2076
f 2077 2078 2079
f 2080 2081 2082
f 2083 2084 2085
f 2086 2087 2088
f 2089 2090 2091
f 2092 2093 2094
f 2095 2096 2097
f 2098 2099 2100
f 2101 2102 2103
f 2104 2105 2106
f 2107 2108 2109
f 2110 2111 2112
f 2113 2114 2115
f 2116 2117 2118
f 2119 2120 2121
f 2122 2123 2124
f 2125 2126 2127
f 2128 2129 2130
f 2131 2132 2133
f 2134 2135 2136
f 2137 2138 2139
f 2140 2141 2142
f 2143 2144 2145
f 2146 2147 2148
f 2149 2150 2151
f 2152 2153 2154
f 2155 2156 2157
f 2158 2159 2160
f 2161 2162 2163
f 2164 2165 2166
f 2167 2168 2169
f 2170 2171 2172
f 2173 2174 2175
f 2176 2177 2178
f 2179 2180 2181
f 2182 2183 2184
f 2185 2186 2187
f 2188 2189 2190
f 2191 2192 2193
f 2194 2195 2196
f 2197 2198 2199
f 2200 2201 2202
f 2203 2204 2205
f 2206 2207 2208
f 2209 2210 2211
f 2212 2213 2214
f 2215 2216 2217
f 2218 2219 2220
f 2221 2222 2223
f 2224 2225 2226
f 2227 2228 2229
f 2230 2231 2232
f 2233 2234 2235
f 2236 2237 2238
f 2239 2240 2241
f 2242 2243 2244
f 2245 2246 2247
f 2248 2249 2250
f 2251 2252 2253
f 2254 2255 2256
f 2257 2258 2259
f 2260 2261 2262
f 2263 2264 2265
f 2266 2267 2268
f 2269 2270 2271
f 2272 2273 2274
f 2275 2276 2277
f 2278 2279 2280
f 2281 2282 2283
f 2284 2285 2286
f 2287 2288 2289
f 2290 2291 2292
f 2293 2294 2295
f 2296 2297 2298
f 2299 2300 2301
f 2302 2303 2304
f 2305 2306 2307
f 2308 2309 2310
f 2311 2312 2313
f 2314 2315 2316
f 2317 2318 2319
f 2320 2321 2322
f 2323 2324 2325
f 2326 2327 2328
f 2329 2330 2331
f 2332 2333 2334
f 2335 2336 2337
f 2338 2339 2340
f 2341 2342 2343
f 2344 2345 2346
f 2347 2348 2349
f 2350 2351 2352
f 2353 2354 2355
f 2356 2357 2358
f 2359 2360 2361
f 2362 2363 2364
f 2365 2366 2367
f 2368 2369 2370
f 2371 2372 2373
f 2374 2375 2376
f 2377 2378 2379
f 2380 2381 2382
f 2383 2384 2385
f 2386 2387 2388
f 2389 2390 2391
f 2392 2393 2394
f 2395 2396 2397
f 2398 2399 2400
f 2400 2399 2398
f 2397 2396 2395
f 2394 2393 2392
f 2391 2390 2389
f 2388 2387 2386
f 2385 2384 2383
f 2382 2381 2380
f 2379 2378 2377
f 2376 2375 2374
f 2373 2372 2371
f 2370 2369 2368
f 2367 2366 2365
f 2364 2363 2362
f 2361 2360 2359
f 2358 2357 2356
f 2355 2354 2353
f 2352 2351 2350
f 2349 2348 2347
f 2346 2345 2344
f 2343 2342 2341
f 2340 2339 2338
f 2337 2336 2335
f 2334 2333 2332
f 2331 2330 2329
f 2328 2327 2326
f 2325 2324 2323
f 2322 2321 2320
f 2319 2318 2317
f 2316 2315 2314
f 2313 2312 2311
f 2310 2309 2308
f 2307 2306 2305
f 2304 2303 2302
f 2301 2300 2299
f 2298 2297 2296
f 2295 2294 2293
f 2292 2291 2290
f 2289 2288 2287
f 2286 2285 2284
f 2283 2282 2281
f 2280 2279 2278
f 2277 2276 2275
f 2274 2273 2272
f 2271 2270 2269
f 2268 2267 2266
f 2265 2264 2263
f 2262 2261 2260
f 2259 2258 2257
f 2256 2255 2254
f 2253 2252 2251
f 2250 2249 2248
f 2247 2246 2245
f 2244 2243 2242
f 2241 2240 2239
f 2238 2237 2236
f 2235 2234 2233
f 2232 2231 2230
f 2229 2228 2227
f 2226 2225 2224
f 2223 2222 2221
f 2220 2219 2218
f 2217 2216 2215
f 2214 2213 2212
f 2211 2210 2209
f 2208 2207 2206
f 2205 2204 2203
f 2202 2201 2200
f 2199 2198 2197
f 2196 2195 2194
f 2193 2192 2191
f 2190 2189 2188
f 2187 2186 2185
f 2184 2183 2182
f 2181 2180 2179
f 2178 2177 2176
f 2175 2174 2173
f 2172 2171 2170
f 2169 2168 2167
f 2166 2165 2164
f 2163 2162 2161
f 2160 2159 2158
f 2157 2156 2155
f 2154 2153 2152
f 2151 2150 2149
f 2148 2147 2146
f 2145 2144 2143
f 2142 2141 2140
f 2139 2138 2137
f 2136 2135 2134
f 2133 2132 2131
f 2130 2129 2128
f 2127 2126 2125
f 2124 2123 2122
f 2121 2120 2119
f 2118 2117 2116
f 2115 2114 2113
f 2112 2111 2110
f 2109 2108 2107
f 2106 2105 2104
f 2103 2102 2101
f 2100 2099 2098
f 2097 2096 2095
f 2094 2093 2092
f 2091 2090 2089
f 2088 2087 2086
f 2085 2084 2083
f 2082 2081 2080
f 2079 2078 2077
f 2076 2075 2074
f 2073 2072 2071
f 2070 2069 2068
f 2067 2066 2065
f 2064 2063 2062
f 2061 2060 2059
f 2058 2057 2056
f 2055 2054 2053
f 2052 2051 2050
f 2049 2048 2047
f 2046 2045 2044
f 2043 2042 2041
f 2040 2039 2038
f 2037 2036 2035
f 2034 2033 2032
f 2031 2030 2029
f 2028 2027 2026
f 2025 2024 2023
f 2022 2021 2020
f 2019 2018 2017
f 2016 2015 2014
f 2013 2012 2011
f 2010 2009 2008
f 2007 2006 2005
f 2004 2003 2002
f 2001 2000 1999
f 1998 1997 1996
f 1995 1994 1993
f 1992 1991 1990
f 1989 1988 1987
f 1986 1985 1984
f 1983 1982 1981
f 1980 1979 1978
f 1977 1976 1975
f 1974 1973 1972
f 1971 1970 1969
f 1968 1967 1966
f 1965 1964 1963
f 1962 1961 1960
f 1959 1958 1957
f 1956 1955 1954
f 1953 1952 1951
f 1950 1949 1948
f 1947 1946 1945
f 1944 1943 1942
f 1941 1940 1939
f 1938 1937 1936
f 1935 1934 1933
f 1932 1931 1930
f 1929 1928 1927
f 1926 1925 1924
f 1923 1922 1921
f 1920 1919 1918
f 1917 1916 1915
f 1914 1913 1912
f 1911 1910 1909
f 1908 1907 1906
f 1905 1904 1903
f 1902 1901 1900
f 1899 1898 1897
f 1896 1895 1894
f 1893 1892 1891
f 1890 1889 1888
f 1887 1886 1885
f 1884 1883 1882
f 1881 1880 1879
f 1878 1877 1876
f 1875 1874 1873
f 1872 1871 1870
f 1869 1868 1867
f 1866 1865 1864
f 1863 1862 1861
f 1860 1859 1858
f 1857 1856 1855
f 1854 1853 1852
f 1851 1850 1849
f 1848 1847 1846
f 1845 1844 1843
f 1842 1841 1840
f 1839 1838 1837
f 1836 1835 1834
f 1833 1832 1831
f 1830 1829 1828
f 1827 1826 1825
f 1824 1823 1822
f 1821 1820 1819
f 1818 1817 1816
f 1815 1814 1813
f 1812 1811 1810
f 1809 1808 1807
f 1806 1805 1804
f 1803 1802 1801
f 1800 1799 1798
f 1797 1796 1795
f 1794 1793 1792
f 1791 1790 1789
f 1788 1787 1786
f 1785 1784 1783
f 1782 1781 1780
f 1779 1778 1777
f 1776 1775 1774
f 1773 1772 1771
f 1770 1769 1768
f 1767 1766 1765
f 1764 1763 1762
f 1761 1760 1759
f 1758 1757 1756
f 1755 1754 1753
f 1752 1751 1750
f 1749 1748 1747
f 1746 1745 1744
f 1743 1742 1741
f 1740 1739 1738
f 1737 1736 1735
f 1734 1733 1732
f 1731 1730 1729
f 1728 1727 1726
f 1725 1724 1723
f 1722 1721 1720
f 1719 1718 1717
f 1716 1715 1714
f 1713 1712 1711
f 1710 1709 1708
f 1707 1706 1705
f 1704 1703 1702
f 1701 1700 1699
f 1698 1697 1696
f 1695 1694 1693
f 1692 1691 1690
f 1689 1688 1687
f 1686 1685 1684
f 1683 1682 1681
f 1680 1679 1678
f 1677 1676 1675
f 1674 1673 1672
f 1671 1670 1669
f 1668 1667 1666
f 1665 1664 1663
f 1662 1661 1660
f 1659 1658 1657
f 1656 1655 1654
f 1653 1652 1651
f 1650 1649 1648
f 1647 1646 1645
f 1644 1643 1642
f 1641 1640 1639
f 1638 1637 1636
f 1635 1634 1633
f 1632 1631 1630
f 1629 1628 1627
f 1626 1625 1624
f 1623 1622 1621
f 1620 1619 1618
f 1617 1616 1615
f 1614 1613 1612
f 1611 1610 1609
f 1608 1607 1606
f 1605 1604 1603
f 1602 1601 1600
f 1599 1598 1597
f 1596 1595 1594
f 1593 1592 1591
f 1590 1589 1588
f 1587 1586 1585
f 1584 1583 1582
f 1581 1580 1579
f 1578 1577 1576
f 1575 1574 1573
f 1572 1571 1570
f 1569 1568 1567
f 1566 1565 1564
f 1563 1562 1561
f 1560 1559 1558
f 1557 1556 1555
f 1554 1553 1552
f 1551 1550 1549
f 1548 1547 1546
f 1545 1544 1543
f 1542 1541 1540
f 1539 1538 1537
f 1536 1535 1534
f 1533 1532 1531
f 1530 1529 1528
f 1527 1526 1525
f 1524 1523 1522
f 1521 1520 1519
f 1518 1517 1516
f 1515 1514 1513
f 1512 1511 1510
f 1509 1508 1507
f 1506 1505 1504
f 1503 1502 1501
f 1500 1499 1498
f 1497 1496 1495
f 1494 1493 1492
f 1491 1490 1489
f 1488 1487 1486
f 1485 1484 1483
f 1482 1481 1480
f 1479 1478 1477
f 1476 1475 1474
f 1473 1472 1471
f 1470 1469 1468
f 1467 1466 1465
f 1464 1463 1462
f 1461 1460 1459
f 1458 1457 1456
f 1455 1454 1453
f 1452 1451 1450
f 1449 1448 1447
f 1446 1445 1444
f 1443 1442 1441
f 1440 1439 1438
f 1437 1436 1435
f 1434 1433 1432
f 1431 1430 1429
f 1428 1427 1426
f 1425 1424 1423
f 1422 1421 1420
f 1419 1418 1417
f 1416 1415 1414
f 1413 1412 1411
f 1410 1409 1408
f 1407 1406 1405
f 1404 1403 1402
f 1401 1400 1399
f 1398 1397 1396
f 1395 1394 1393
f 1392 1391 1390
f 1389 1388 1387
f 1386 1385 1384
f 1383 1382 1381
f 1380 1379 1378
f 1377 1376 1375
f 1374 1373 1372
f 1371 1370 1369
f 1368 1367 1366
f 1365 1364 1363
f 1362 1361 1360
f 1359 1358 1357
f 1356 1355 1354
f 1353 1352 1351
f 1350 1349 1348
f 1347 1346 1345
f 1344 1343 1342
f 1341 1340 1339
f 1338 1337 1336
f 1335 1334 1333
f 1332 1331 1330
f 1329 1328 1327
f 1326 1325 1324
f 1323 1322 1321
f 1320 1319 1318
f 1317 1316 1315
f 1314 1313 1312
f 1311 1310 1309
f 1308 1307 1306
f 1305 1304 1303
f 1302 1301 1300
f 1299 1298 1297
f 1296 1295 1294
f 1293 1292 1291
f 1290 1289 1288
f 1287 1286 1285
f 1284 1283 1282
f 1281 1280 1279
f 1278 1277 1276
f 1275 1274 1273
f 1272 1271 1270
f 1269 1268 1267
f 1266 1265 1264
f 1263 1262 1261
f 1260 1259 1258
f 1257 1256 1255
f 1254 1253 1252
f 1251 1250 1249
f 1248 1247 1246
f 1245 1244 1243
f 1242 1241 1240
f 1239 1238 1237
f 1236 1235 1234
f 1233 1232 1231
f 1230 1229 1228
f 1227 1226 1225
f 1224 1223 1222
f 1221 1220 1219
f 1218 1217 1216
f 1215 1214 1213
f 1212 1211 1210
f 1209 1208 1207
f 1206 1205 1204
f 1203 1202 1201
f 1200 1199 1198
f 1197 1196 1195
f 1194 1193 1192
f 1191 1190 1189
f 1188 1187 1186
f 1185 1184 1183
f 1182 1181 1180
f 1179 1178 1177
f 1176 1175 1174
f 1173 1172 1171
f 1170 1169 1168
f 1167 1166 1165
f 1164 1163 1162
f 1161 1160 1159
f 1158 1157 1156
f 1155 1154 1153
f 1152 1151 1150
f 1149 1148 1147
f 1146 1145 1144
f 1143 1142 1141
f 1140 1139 1138
f 1137 1136 1135
f 1134 1133 1132
f 1131 1130 1129
f 1128 1127 1126
f 1125 1124 1123
f 1122 1121 1120
f 1119 1118 1117
f 1116 1115 1114
f 1113 1112 1111
f 1110 1109 1108
f 1107 1106 1105
f 1104 1103 1102
f 1101 1100 1099
f 1098 1097 1096
f 1095 1094 1093
f 1092 1091 1090
f 1089 1088 1087
f 1086 1085 1084
f 1083 1082 1081
f 1080 1079 1078
f 1077 1076 1075
f 1074 1073 1072
f 1071 1070 1069
f 1068 1067 1066
f 1065 1064 1063
f 1062 1061 1060
f 1059 1058 1057
f 1056 1055 1054
f 1053 1052 1051
f 1050 1049 1048
f 1047 1046 1045
f 1044 1043 1042
f 1041 1040 1039
f 1038 1037 1036
f 1035 1034 1033
f 1032 1031 1030
f 1029 1028 1027
f 1026 1025 1024
f 1023 1022 1021
f 1020 1019 1018
f 1017 1016 1015
f 1014 1013 1012
f 1011 1010 1009
f 1008 1007 1006
f 1005 1004 1003
f 1002 1001 1000
f 999 998 997
f 996 995 994
f 993 992 991
f 990 989 988
f 987 986 985
f 984 983 982
f 981 980 979
f 978 977 976
f 975 974 973
f 972 971 970
f 969 968 967
f 966 965 964
f 963 962 961
f 960 959 958
f 957 956 955
f 954 953 952
f 951 950 949
f 948 947 946
f 945 944 943
f 942 941 940
f 939 938 937
f 936 935 934
f 933 932 931
f 930 929 928
f 927 926 925
f 924 923 922
f 921 920 919
f 918 917 916
f 915 914 913
f 912 911 910
f 909 908 907
f 906 905 904
f 903 902 901
f 900 899 898
f 897 896 895
f 894 893 892
f 891 890 889
f 888 887 886
f 885 884 883
f 882 881 880
f 879 878 877
f 876 875 874
f 873 872 871
f 870 869 868
f 867 866 865
f 864 863 862
f 861 860 859
f 858 857 856
f 855 854 853
f 852 851 850
f 849 848 847
f 846 845 844
f 843 842 841
f 840 839 838
f 837 836 835
f 834 833 832
f 831 830 829
f 828 827 826
f 825 824 823
f 822 821 820
f 819 818 817
f 816 815 814
f 813 812 811
f 810 809 808
f 807 806 805
f 804 803 802
f 801 800 799
f 798 797 796
f 795 794 793
f 792 791 790
f 789 788 787
f 786 785 784
f 783 782 781
f 780 779 778
f 777 776 775
f 774 773 772
f 771 770 769
f 768 767 766
f 765 764 763
f 762 761 760
f 759 758 757
f 756 755 754
f 753 752 751
f 750 749 748
f 747 746 745
f 744 743 742
f 741 740 739
f 738 737 736
f 735 734 733
f 732 731 730
f 729 728 727
f 726 725 724
f 723 722 721
f 720 719 718
f 717 716 715
f 714 713 712
f 711 710 709
f 708 707 706
f 705 704 703
f 702 701 700
f 699 698 697
f 696 695 694
f 693 692 691
f 690 689 688
f 687 686 685
f 684 683 682
f 681 680 679
f 678 677 676
f 675 674 673
f 672 671 670
f 669 668 667
f 666 665 664
f 663 662 661
f 660 659 658
f 657 656 655
f 654 653 652
f 651 650 649
f 648 647 646
f 645 644 643
f 642 641 640
f 639 638 637
f 636 635 634
f 633 632 631
f 630 629 628
f 627 626 625
f 624 623 622
f 621 620 619
f 618 617 616
f 615 614 613
f 612 611 610
f 609 608 607
f 606 605 604
f 603 602 601
f 600 599 598
f 597 596 595
f 594 593 592
f 591 590 589
f 588 587 586
f 585 584 583
f 582 581 580
f 579 578 577
f 576 575 574
f 573 572 571
f 570 569 568
f 567 566 565
f 564 563 562
f 561 560 559
f 558 557 556
f 555 554 553
f 552 551 550
f 549 548 547
f 546 545 544
f 543 542 541
f 540 539 538
f 537 536 535
f 534 533 532
f 531 530 529
f 528 527 526
f 525 524 523
f 522 521 520
f 519 518 517
f 516 515 514
f 513 512 511
f 510 509 508
f 507 506 505
f 504 503 502
f 501 500 499
f 498 497 496
f 495 494 493
f 492 491 490
f 489 488 487
f 486 485 484
f 483 482 481
f 480 479 478
f 477 476 475
f 474 473 472
f 471 470 469
f 468 467 466
f 465 464 463
f 462 461 460
f 459 458 457
f 456 455 454
f 453 452 451
f 450 449 448
f 447 446 445
f 444 443 442
f 441 440 439
f 438 437 436
f 435 434 433
f 432 431 430
f 429 428 427
f 426 425 424
f 423 422 421
f 420 419 418
f 417 416 415
f 414 413 412
f 411 410 409
f 408 407 406
f 405 404 403
f 402 401 400
f 399 398 397
f 396 395 394
f 393 392 391
f 390 389 388
f 387 386 385
f 384 383 382
f 381 380 379
f 378 377 376
f 375 374 373
f 372 371 370
f 369 368 367
f 366 365 364
f 363 362 361
f 360 359 358
f 357 356 355
f 354 353 352
f 351 350 349
f 348 347 346
f 345 344 343
f 342 341 340
f 339 338 337
f 336 335 334
f 333 332 331
f 330 329 328
f 327 326 325
f 324 323 322
f 321 320 319
f 318 317 316
f 315 314 313
f 312 311 310
f 309 308 307
f 306 305 304
f 303 302 301
f 300 299 298
f 297 296 295
f 294 293 292
f 291 290 289
f 288 287 286
f 285 284 283
f 282 281 280
f 279 278 277
f 276 275 274
f 273 272 271
f 270 269 268
f 267 266 265
f 264 263 262
f 261 260 259
f 258 257 256
f 255 254 253
f 252 251 250
f 249 248 247
f 246 245 244
f 243 242 241
f 240 239 238
f 237 236 235
f 234 233 232
f 231 230 229
f 228 227 226
f 225 224 223
f 222 221 220
f 219 218 217
f 216 215 214
f 213 212 211
f 210 209 208
f 207 206 205
f 204 203 202
f 201 200 199
f 198 197 196
f 195 194 193
f 192 191 190
f 189 188 187
f 186 185 184
f 183 182 181
f 180 179 178
f 177 176 175
f 174 173 172
f 171 170 169
f 168 167 166
f 165 164 163
f 162 161 160
f 159 158 157
f 156 155 154
f 153 152 151
f 150 149 148
f 147 146 145
f 144 143 142
f 141 140 139
f 138 137 136
f 135 134 133
f 132 131 130
f 129 128 127
f 126 125 124
f 123 122 121
f 120 119 118
f 117 116 115
f 114 113 112
f 111 110 109
f 108 107 106
f 105 104 103
f 102 101 100
f 99 98 97
f 96 95 94
f 93 92 91
f 90 89 88
f 87 86 85
f 84 83 82
f 81 80 79
f 78 77 76
f 75 74 73
f 72 71 70
f 69 68 67
f 66 65 64
f 63 62 61
f 60 59 58
f 57 56 55
f 54 53 52
f 51 50 49
f 48 47 46
f 45 44 43
f 42 41 40
f 39 38 37
f 36 35 34
f 33 32 31
f 30 29 28
f 27 26 25
f 24 23 22
f 21 20 19
f 18 17 16
f 15 14 13
f 12 11 10
f 9 8 7
f 6 5 4
f 3 2 1